agg,seq,slug,states.0.brightness,states.0.em_max,states.0.ex_max,states.0.ext_coeff,states.0.lifetime,states.0.maturation,states.0.name,states.0.pka,states.0.qy,states.0.slug,states.1.brightness,states.1.em_max,states.1.ex_max,states.1.ext_coeff,states.1.lifetime,states.1.maturation,states.1.name,states.1.pka,states.1.qy,states.1.slug,states.2.brightness,states.2.em_max,states.2.ex_max,states.2.ext_coeff,states.2.lifetime,states.2.maturation,states.2.name,states.2.pka,states.2.qy,states.2.slug,states.3.brightness,states.3.em_max,states.3.ex_max,states.3.ext_coeff,states.3.lifetime,states.3.maturation,states.3.name,states.3.pka,states.3.qy,states.3.slug,uuid
,MACGALLFKGKIPFVVELEGDVNGEVFSVRGNGWGDGSTGKLEIKFVCTTGEVPLAWESLICSMAYGALVFCKYPSNINDFFKSTMPRGYIQERKISYENDGTFDVRQEVTYENGALYNRVKFNGSGFRKDGNVLGKKLDLTSIGTCIYIMGNDEGTGLKGVFNKAFKVIGGNRQIASHVQTQTPIGDGLVSIPDYHVMHNHIACSKDPSETRDHIIVKESLRAVDCNTEYM,aausfp2,,,609,52000,,,default,6,,aausfp2_default,,,,,,,,,,,,,,,,,,,,,,,,,,,,,,,UHNQV
,MACGALLFKGKIPFVVELEGDVNGEVFSVRGNGWGDGSTGKIEIKFVCTTGEIPVAWESLVCSLAYGALVFAKYPSNINDFFKSTMPKGYIQERNIQFENDGQYVTRAEVTYENGTLYNRVKLNGSGFRKDGNILGKKLDSTSLGTCIYIMGNDQGNGLKGVYNKAYKVIGGNRQLASHQQTHTPIGDGLVSIPDYHVMHNHIACSKDPSETRDHIIVKESLRAVDCNTEYM,aausfp3,,,587,59000,,,default,6.5,,aausfp3_default,,,,,,,,,,,,,,,,,,,,,,,,,,,,,,,OEVJT
t,MALSKHGLTKDMTMKYRMEGCVDGHKFVITGHGNGSPFEGKQTINLCVVEGGPLPFSEDILSAVFDYGNRVFTDYPQGMVDFFKNSCPAGYTWQRSLLFEDGAVCTASADITVSVEENCFYHESKFHGVNFPADGPVMKKMTINWEPCCEKIIPVPRQGILKGDVAMYLLLKDGGRYRCQFDTVYKAKTDSKKMPEWHFIQHKLTREDRSDAKNQKWQLAEHSVASRSALP,adred,,612,567,,,,default,4,,adred_default,,,,,,,,,,,,,,,,,,,,,,,,,,,,,,,DAH3B
,MALSKHGLTKDMTMKYRMEGCVDGHKFVITGHGNGSPFEGKQTINLCVVEGGPLPFSEDILSAVFDYGNRVFTDYPQGMVDFFKNSCPAGYTWQRSLLFEDGAVCTASADITVSVEENCFYHESKFHGVNFPADGPVMKKMTINWEPSCEKIIPVPRQGILKGDVAMYLLLKDGGRYRCQFDTVYKAKTDSKKMPEWHFIQHKLTREDRSDAKNQKWQLAEHSVASRSALP,adred-c148s,,599,560,,,,default,,,adred-c148s_default,,,,,,,,,,,,,,,,,,,,,,,,,,,,,,,THMOX
t,MALSKHGLTKDMTMKYHMEGSVDGHKFVITGHGNGNPFEGKQTMNLCVVEGGPLPFSEDILSAAFDYGNRVFTEYPQGMVDFFKNSCPAGYTWHRSLLFEDGAVCTTSADITVSVEENCFYHNSKFHGVNFPADGPVMKKMTTNWEPSCEKIIPVPRQGILKGDIAMYLLLKDGGRYRCQFDTIYKAKSDPKEMPEWHFIQHKLTREDRSDAKNQKWQLVEHAVASRSALPG,amilfp593,44.54,593,562,90900,,,default,,0.49,amilfp593_default,,,,,,,,,,,,,,,,,,,,,,,,,,,,,,,VDDDT
t,MALSKHGLTKDMTMKYHMEGSVDGHKFVITGHGNGNPFEGKQTVNLCVAEGGPLPFSEDILSAAFDYGNRVFTEYPQGMVDFFKNSCPAGYTWHRSLLFEDGAVCTTSADITVSVEENCFYHNSKFHGVNFPADGPVMKKMTTNWEPSCEKIIPVPRQGILKGDIAMYLLLKDGGRYRCQFDTIYKAKSDPKEMPEWHFIQHKLTREDRSDAKNQKWQLVEHAVASRSALPG,amilfp597,,597,558,,,,default,,,amilfp597_default,,,,,,,,,,,,,,,,,,,,,,,,,,,,,,,2YKB1
m,MEGGPALFQSDMTFKIFIDGVVNDQKFTIIADGSSKFPHGDFNVHAVCETGKLPMSWKPICHLIQYGEPFFAKYPNGISHFAQECFPEGLTIDRTVRFENDGTMTSHHTYELDGTCVISRITVNCDGFQPDGPIMKDQLVDILPTETHMFPHGSNAVRQLCYIGFTTADGGLMMSHFDSKLTFNGSRAIKIPGPHFVTVIIKQMKDTSDKRDHVCQREVTYAHSVPRITSAI,anm2cp,0.12,597,572,120000,,,default,,0.001,anm2cp_default,,,,,,,,,,,,,,,,,,,,,,,,,,,,,,,SEJPD
,MASLVTEDMCIKMTMEGTVNGHHFKCVGEGEGKPFEGTQVEKIRITEGGPLPFAYDILAPCCMYGSKTFIKHVSGIPDYFKESFPEGFTWERTQIFEDGGSLTIHQDTSLQGNNFIFKVNVIGANFPANGPVMQKKTAGWEPSVEILYPRDGVLCGQALMALKCTDGNHLTSHLRTTYRSRKPSNAVNMPEFHFGDHRIEILKAEQGKFYEQYESAVARYCEAAPSKLGHH,aq14,,663,590,,,,default,,,aq14_default,,,,,,,,,,,,,,,,,,,,,,,,,,,,,,,WBK4U
t,MAPLVTEDMCIKMTMEGTINGHHFKCVGEGEGKPFEGTQVEKIRITEGGPLPFAYDILAPCCMYGSKTFIKHVSGIPDYFKESFPEGFTWERTQIFEDGGSLTIHQDTSLQGNNFIFKVNVIGANFPANGPVMQKKTAGWEPSVEILYPRDGVLCGQALMALKCTDGDHLTSHLRTTYRSRKPSNAVNMPEFHFGDHRIEILKAEQGKFYEQYESAVARYCEAAPSKLGHH,aq143,3.6,655,595,90000,,,default,,0.04,aq143_default,,,,,,,,,,,,,,,,,,,,,,,,,,,,,,,GW5EB
t,MASFLKKTMPFKTTIEGTVNGHYFKCTGKGEGNPFEGTQEMKIEVIEGGPLPFAFHILSTSCMYGSKTFIKYVSGIPDYFKQSFPEGFTWERTTTYEDGGFLTAHQDTSLDGDCLVYKVKILGNNFPADGPVMQNKAERWEPATEILYEVDGVLRGQSLMALKCPGGRHLTCHLHSTYRSKKPASALKMPGFHFGDHRIEIMEEVEKGKCYKQYEAAVARYCDAAPSKLGHH,ascp562,,595,562,,,,default,,,ascp562_default,,,,,,,,,,,,,,,,,,,,,,,,,,,,,,,3NV4W
t,MASLLKKTMPFRTTIEGTVNGHYFKCTGKGEGNPLEGTQEMKIEVIEGGPLPFAFHILSTSCMYGSKAFIKYVSGIPDYFKQSLPEGFTWERTTTYEDGGFLTAHQDTSLDGDCLVYKVKILGNNFPADGPVMQNKAGRWEPSTEIVYEVDGVLRGQSLMALECPGGRHLTCHLHTTYRSKKPASALKMPGFHFEDHRIEILEEVEKGKCYKQYEAAVGRYCDAAPSKLGH,asred2,2.81,592,576,56200,,,default,,0.05,asred2_default,,,,,,,,,,,,,,,,,,,,,,,,,,,,,,,8TL1P
,MASFLKKTMPFKTTIEGTVNGHYFKCTGKGEGNPFEGTQEMKIEVIEGGPLPFAFHILSTSCMYGSKTFIKYVSGIPDYFKQSFPEGFTWERTTTYEDGGFLTAHQDTSLDGDCLVYKVKILGNNFPADGPVMQNKAGRWEPATEIVYEVDGVLRGQSLMALKCPGGRHLTCHLHTTYRSKKPASALKMPGFHFEDHRIEIMEEVEKGKCYKQYEAAVGRYCDAAPSKLGHN,asulcp,,595,572,,,,default,,,asulcp_default,,,,,,,,,,,,,,,,,,,,,,,,,,,,,,,M3FBS
m,MENVRRKTGIQTEMKTKLHMDGMVNGHSFEIKGEGKGSPYEGVQTMKLKVTKGAPLPFSIDILLPQCMYGSKPFIKYPENIPDYLKLSFPEGITWERTMTFEDGAVCDVSNDSRLVGNCFIYTVKFQGVNFPLDGPVMQKKTRGWEPSTEVLYECDGWMRGLVDIALKLENGGHYMCNFKTTYKSKKGLEVPPYHFVDHKLDLLSHNTDGATFEEFEQGEIAHAHLSKLA,azaleab5,60.32,596,574,104000,,,default,,0.58,azaleab5_default,,,,,,,,,,,,,,,,,,,,,,,,,,,,,,,886AH
t,MSLSKQVLPRDVKMRYHMDGCVNGHQFIIEGEGTGKPYEGKKILELRVTKGGPLPFAFDILSSVFTYGNRCFCEYPEDMPDYFKQSLPEGHSWERTLMFEDGGCGTASAHISLDKNCFVHKSTFHGVNFPANGPVMQKKTLNWEPSSELITAGDGILKGDVTMFLMLEGGHRLKCQFTTSYKAKKAVKMPPNHIIEHRLVRKEVADAVQIQEHAVAKHFIV,ccalrfp1,54.28,598,568,92000,,,default,,0.59,ccalrfp1_default,,,,,,,,,,,,,,,,,,,,,,,,,,,,,,,T44E8
m,MVSELIKENMHMKLYMEGTVNNHHFKATSEGEGKPYEGTQTMRIKAVEGGPLPFAFDILATSFMYGSKTFINHTQGIPDFFKQSFPEGFTWERVTTYEDGGVLTATQDTSLQDGMLIYNVKIRGVNFPSNGPVMQKKTLGWEASTETLYPADGGLEGRADMALKLVGGGHLIANLKTTYRSKKPAKNLKMPGVYYVDRRLERIKEADKETYVEQHEVAVARYSDLPSKLGHR,cgfmkate2,25.85,628,584,55000,,,default,4.6,0.47,cgfmkate2_default,,,,,,,,,,,,,,,,,,,,,,,,,,,,,,,2D7XF
,MSELIKENMHMKLYMEGTVNNHHFKATSEGEGKPYEGTQTMRIKVVEGGPLPFAFDILATSFMYGSRTFINHTQGIPDFFKQSFPEGFTWERVTTYEDGGVLTATQDTSLQDGMLIYNVKIRGVNFPSNGPVMQKKTLGWEANTEMLYPADGGLEGRSDMALKLVGGGHLIVNFKTTYRSKKPAKNLKMPGVYYVDHRLERIKEADKETYVEQHEVAVARYSDLPSKLGHK,cgftagrfp,45.9,585,556,90000,,,default,2.9,0.51,cgftagrfp_default,,,,,,,,,,,,,,,,,,,,,,,,,,,,,,,G9U12
m,GHLICNLKTTYRSKKPAKNLKMPGVYYVDRRLERIKEADKETYVEQHEVAVARYCDLPSKLGHAGGTGGSMSELITENMHMKLYMEGTVNNHHFKCTSEGEGKPYEGTQTMRIKVVEGGPLPFAFDILATSFMYGSKTFINHTQGIPDFFKQSFPEGFTWERVTTYEDGGVLTATQDTSLQDGCLIYNVKIRGVNFPSNGPVMQKKTLGWEASTEMLYPADGGLEGRSDMALKLV,cp-mkate,,620,588,,,,default,,0.33,cp-mkate_default,,,,,,,,,,,,,,,,,,,,,,,,,,,,,,,2EM4B
d,MSAIKPDMKINLRMEGNVNGHHFVIDGDGTGKPFEGKQSMDLEVKEGGPLPFAFDILTTAFHYGNRVFAEYPDHIQDYFKQSFPKGYSWERSLTFEDGGICIARNDITMEGDTFYNKVRFHGTNFPANGPVMQKKTLKWEPSTEKMYVRDGVLTGDITMALLLEGNAHYRCDFRTTYKAKEKGVKLPGYHFVDHCIEILSHDKDYNKVKLYEHAVAHSGLPDNARR,d1eosfp,24.8,581,571,40000,,,Red,,0.62,d1eosfp_green,24.8,581,571,40000,,,Red,,0.62,d1eosfp_red,,,,,,,,,,,,,,,,,,,,,YLRRG
d,MSAIKPDMKINLRMEGNVNGHHFVIDGDGTGKPFEGKQSMDLEVKEGGPLPFAFDILTTAFHYGNRVFAEYPDHIQDYFKQSFPKGYSWERSLTFEDGGICIARNDITMEGDTFYNKVRFHGVNFPANGPVMQKKTLKWEPSTEKMYVRDGVLTGDIHMALLLEGNAHYRCDFRTTYKAKEKGVKLPGYHFVDHCIEILSHDKDYNKVKLYEHAVAHSGLPDNARR,d2eosfp,19.8,581,569,33000,,,Red,,0.6,d2eosfp_green,19.8,581,569,33000,,,Red,,0.6,d2eosfp_red,,,,,,,,,,,,,,,,,,,,,1SEDF
m,MNLIKEDMRVKVHMEGNVNGHAFVIEGEGKGKPYEGTQTANLTVKEGAPLPFSYDILTTAVHYGNRVFTKYPEDIPDYFKQSFPEGYSWERTMTFEDKGICTIRSDISLEGDCFFQNVRFKGTNFPPNGPVMQKKTLKWEPSTEKLHVRDGLLVGNINMALLLEGGGHYLCDFKTTYKAKKVVQLPDAHFVDHRIEILGNDSDYNKVKLYEHAVARYSPLPSQAW,dendra,14.4,575,556,20000,,,Red,6.9,0.72,dendra_green,14.4,575,556,20000,,,Red,6.9,0.72,dendra_red,,,,,,,,,,,,,,,,,,,,,GJDTN
m,MNTPGINLIKEDMRVKVHMEGNVNGHAFVIEGEGKGKPYEGTQTANLTVKEGAPLPFSYDILTTAVHYGNRVFAKYPEDIPDYFKQSFPEGYSWERTMTFEDKGICTIRSDISLEGDCFFQNVRFKGTNFPPNGPVMQKKTLKWEPSTEKLHVRDGLLVGNINMALLLEGGGHYLCDFKTTYKAKKVVQLPDAHFVDHRIEILGNDSDYNKVKLYEHAVARYSPLPSQVW,dendra2-t69a,22.66,578,563,35400,4.2,,Orange,7,0.64,dendra2-t69a_green,22.66,578,563,35400,4.2,,Orange,7,0.64,dendra2-t69a_orange,,,,,,,,,,,,,,,,,,,,,XKDOQ
d,MVASSEDVIKEFMRFKVRMEGSVNGHEFEIEGEGEGRPYEGTQTAKLKVTKGGPLPFAWDILSPQFQYGSKVYVKHPADIPDYKKLSFPEGFKWERVMNFEDGGVVTVTQDSSLQDGCFIYKVKFRGVNFPSDGPVMQKKTMGWEASTERLYPRDGVLKGEIHQALKLKDGGHYLVEFKTIYMAKKPVQLPGYYYVDTKLDITSHNEDYTIVEQYERAEGRHHLFL,dimer1,,579,551,,,,default,,,dimer1_default,,,,,,,,,,,,,,,,,,,,,,,,,,,,,,,ZC4KN
d,MVASSEDVIKEFMRFKVRMEGSVNGHEFEIEGEGEGRPYEGTQTAKLKVTKGGPLPFAWDILSPQFQYGSKAYVKHPADIPDYKKLSFPEGFKWERVMNFEDGGVVTVTQDSSLQDGTLIYKVKFRGTNFPPDGPVMQKKTMGWEASTERLYPRDGVLKGEIHQALKLKDGGHYLVEFKTIYMAKKPVQLPGYYYVDTKLDITSHNEDYTIVEQYERSEGRHHLFL,dimer2,47.61,579,552,69000,,120,default,4.9,0.69,dimer2_default,,,,,,,,,,,,,,,,,,,,,,,,,,,,,,,DFXUK
,MSCSKNVIKEFMRFKVRMEGTVNGHEFEIKGEGEGRPYEGHCSVKLMVTKGGPLPFAFDILSPQFQYGSKVYVKHPADIPDYKKLSFPEGFKWERVMNFEDGGVVTVSQDSSLKDGCFIYEVKFIGVNFPSDGPVMQRRTRGWEASSERLYPRDGVLKGDIHMALRLEGGGHYLVEFKSIYMVKKPSVQLPGYYYVDSKLDMTSHNEDYTVVEQYEKTQGRHHPFIKPLQ,dis2rfp,,593,573,,,,default,,,dis2rfp_default,,,,,,,,,,,,,,,,,,,,,,,,,,,,,,,ORVNV
d,MNSLIKENMRMMVVMEGSVNGYQFKCTGEGDGNPYMGTQTMRIKVVEGGPLPFAFDILATSFMYGSKTFIKHTKGIPDFFKQSFPEGFTWERVTRYEDGGVFTVMQDTSLEDGCLVYHAKVRGVNFPSNGAVMQKKTKGWEPSTEMLYPADGGLRGYSQMALNVDGGGYLFCSFETTYRSKKTDENFKMPGFHFVDHRLERLEESDKEMFVVQHEHAVAKFCDLPSKLGRL,d-rfp618,,618,560,,,480,default,,0.35,d-rfp618_default,,,,,,,,,,,,,,,,,,,,,,,,,,,,,,,GZCBS
,MSCSKNVIKEFMRFKVRMEGTVNGHEFEIEGEGEGRPYEGHNTVKLKVTKGGPLPFAWDILSPQFQYGSKVYVKHPADIPDYKKLSFPEGFKWERVMNFEDGGVVTVTQDPSLQDGCFIYKVKFIGVNFPSDGPVMQKKTMGWEASTERLYPRDGVLKGEIHKALKLKDGGHYLVEFKTIYMAKKPVQLPGYYYVDSKLDITSHNKDYTIVEQYERTEGRHHLFLKAELGSNVGER,dspr1,,582,556,,,,default,,,dspr1_default,,,,,,,,,,,,,,,,,,,,,,,,,,,,,,,9T6B1
t,MRSSKNVIKEFMRFKVRMEGTVNGHEFEIEGEGEGRPYEGHNTVKLKVTKGGPLPFAWDILSPQFQYGSKVYVKHPADIPDYKKLSFPEGFKWERVMNFEDGGVVTVTQDSSLQDGCFIYKVKFIGVNFPSDGPVMQKKTMGWEASTERLYPRDGVLKGEIHKALKLKDGGHYLVEFKSIYMAKKPVQLPGYYYVDSKLDITSHNEDYTIVEQYERTEGRHHLFL,dsred,49.3,583,558,72500,,1600,default,,0.68,dsred_default,,,,,,,,,,,,,,,,,,,,,,,,,,,,,,,EGE3L
t,MASSENVITEFMRFKVRMEGTVNGHEFEIEGEGEGRPYEGHNTVKLKVTKGGPLPFAWDILSPQFQYGSKVYVKHPADIPDYKKLSFPEGFKWERVMNFEDGGVATVTQDSSLQDGCFIYKVKFIGVNFPSDGPVMQKKTMGWEASTERLYPRDGVLKGETHKALKLKDGGHYLVEFKSIYMAKKPVQLPGYYYVDAKLDITSHNEDYTIVEQYERTEGRHHLFL,dsred2,28.6,587,561,52000,,390,default,,0.55,dsred2_default,,,,,,,,,,,,,,,,,,,,,,,,,,,,,,,TXLFX
t,MASSEDVIKEFMRFKVRMEGSVNGHEFEIEGEGEGRPYEGTQTAKLKVTKGGPLPFAWDILSPQFQYGSKVYVKHPADIPDYKKLSFPEGFKWERVMNFEDGGVVTVTQDSSLQDGSFIYKVKFIGVNFPSDGPVMQKKTMGWEASTERLYPRDGVLKGEIHKALKLKDGGHYLVEFKSIYMAKKPVQLPGYYYVDSKLDITSHNEDYTIVEQYERAEGRHHLFL,dsred-express,12.64,586,554,30100,,42,default,4.8,0.42,dsred-express_default,,,,,,,,,,,,,,,,,,,,,,,,,,,,,,,DCYCK
,MDSTENVIKPFMRFKVHMEGSVNGHEFEIEGEGEGKPYEGTQTAKLQVTKGGPLPFAWDILSPQFQYGSKVYVKHPADIPDYKKLSFPEGFKWERVMNFEDGGVVTVTQDSSLQDGTFIYHVKFIGVNFPSDGPVMQKKTLGWEPSTERLYPRDGVLKGEIHKALKLKGGGHYLVEFKSIYMAKKPVKLPGYYYVDSKLDITSHNEDYTVVEQYERAEARHHLFQ,dsred-express2,14.95,591,554,35600,,42,default,,0.42,dsred-express2_default,,,,,,,,,,,,,,,,,,,,,,,,,,,,,,,5DP2R
m,MDNTEDVIKEFMQFKVRMEGSVNGHYFEIEGEGEGKPYEGTQTAKLQVTKGGPLPFAWDILSPQFQYGSKAYVKHPADIPDYMKLSFPEGFTWERSMNFEDGGVVEVQQDSSLQDGTFIYKVKFKGVNFPADGPVMQKKTAGWEPSTEKLYPQDGVLKGEISHALKLKDGGHYTCDFKTVYKAKKPVQLPGNHYVDSKLDITNHNEDYTVVEQYEHAEARHSGSQ,dsredm1,3.82,587,558,27300,1.4,,default,,0.14,dsredm1_default,,,,,,,,,,,,,,,,,,,,,,,,,,,,,,,N33JN
t,MDSTENVIKPFMRFKVHMEGSVNGHEFEIEGEGEGKPYEGTQTAKLQVTKGGPLPFAWDILSPQFMYGSKVYTKHPADIPDYKKLSFPEGFKWERVMNFEDGGVVTVTQDSSLQDGTFIYHVKFIGVNFPSDGPVMQKKTLGWEPSTERLYPRDGVLKGEIHKALKLKGGGHYLCEFKSIYMAKKPVKLPGYYYVDSKLDITSHNEDYTVVEQYERTEARHHLFQ,dsred-max,19.68,589,560,48000,,72,default,,0.41,dsred-max_default,,,,,,,,,,,,,,,,,,,,,,,,,,,,,,,UVJD2
t,MASSEDVIKEFMRFKVRMEGSVNGHEFEIEGEGEGRPYEGTQTAKLKVTKGGPLPFAWDILSPQFQYGSKVYVKHPADIPDYKKLSFPEGFKWERVMNFEDGGVVTVTQDSSLQDGCFIYKVKFIGVNFPSDGPVMQKKTMGWEPSTERLYPRDGVLKGEIHKALKLKDGGHYLVEFKSIYMAKKPVQLPGYYYVDSKLDITSHNEDYTIVEQYERTEGRHHLFL,dsredt3,29.2,587,560,49500,,78,default,,0.59,dsredt3_default,,,,,,,,,,,,,,,,,,,,,,,,,,,,,,,FRM5D
t,MASSEDVIKEFMRFKVRMEGSVNGHEFEIEGEGEGRPYEGTQTAKLKVTKGGPLPFAWDILSPQFQYGSKVYVKHPADIPDYKKLSFPEGFKWERVMNFEDGGVVTVTQDSSLQDGCFIYKVKFIGVNFPSDGPVMQKKTMGWEPSTERLYPRDGVLKGEIHKALKLKDGGHYLVEFKSIYMAKKPVQLPGYYYVDSKLDITSHNEDYTIVEQYERAEGRHHLFL,dsredt4,13.33,586,555,30300,,42.6,default,,0.44,dsredt4_default,,,,,,,,,,,,,,,,,,,,,,,,,,,,,,,XHBTX
d,MVSKGEEVIKEFMRFKVRMEGSMNGHEFEIEGEGEGRPYEGTQTAKLKVTKGGPLPFAWDILSPQFMYGSKAYVKHPADIPDYKKLSFPEGFKWERVMNFEDGGLVTVTQDSSLQDGTLIYKVKMRGTNFPPDGPVMQKKTMGWEASTERLYPRDGVLKGEIHQALKLKDGGHYLVEFKTIYMAKKPVQLPGYYYVDTKLDITSHNEDYTIVEQYERSEGRHHLFLYGMDELYK,dtomato,47.61,581,554,69000,,60,default,4.7,0.69,dtomato_default,,,,,,,,,,,,,,,,,,,,,,,,,,,,,,,G1DQY
t,MDSTENVIKPFMRFKVHMEGSVNGHEFEIEGVGEGKPYEGTQTAKLQVTKGGPLPFAWDILSPQFFYGSKAYIKHPADIPDYLKQSFPEGFKWERVMNFEDGGVVTVTQDSSLQDGTLIYHVKFIGVNFPSDGPVMQKKTLGWEPSTERNYPRDGVLKGENHMALKLKGGGHYLCEFKSIYMAKKPVKLPGYHYVDYKLDITSHNEDYTVVEQYERAEARHHLFQ,e2-crimson,28.98,646,611,126000,,24,default,4.5,0.23,e2-crimson_default,,,,,,,,,,,,,,,,,,,,,,,,,,,,,,,VSU6B
,MDSTENVIKPFMRFKVHMEGSVNGHEFEIEGEGEGKPYEGTHTVKLQVTKGGPLPFAWDILSPQFQYGSKVYVKHPADIPDYKKLSFPEGFKWERVMNFEDGGVVTVTQDSSLQDGTFIYHVKFIGVNFPSDGPVMQKKTLGWEPSTERLYPRDGVLKGEIHKALKLKGGGHYLVEFKSIYMAKKPVKLPGYYYVDSKLDITSHNEDYTVVEQYERTEGRHHLFQ,e2-redgreen,36.05,585,560,53800,,72,default,4.5,0.67,e2-redgreen_default,,,,,,,,,,,,,,,,,,,,,,,,,,,,,,,VB2NB
t,MSLINPEMKIKLLMEGNVNGHPFVIEGDGKGHPFEGKQSMDLVVKEGAPLPFAYDILTTAFHYGNRVFAKYPDHIPDYFKQSFPNGFSWERSLMFEDGGVCIATNDITLEGDTFFNKVRFYGVNFPPNGPVMQKKTLKWEASTEKMYLRDGVLTGDITMALLLKGDVHYRCDFRTTYKSRQEGVKLPGYHFVDHCISIVSHDKDYTKVKLYEHAVAHLGLPENVK,eechrfp,5.2,582,574,12100,,,default,,0.43,eechrfp_default,,,,,,,,,,,,,,,,,,,,,,,,,,,,,,,JB7SD
t,MSVIKQVMKTKLHLEGTVNGHDFTIEGKGEGKPYEGLQHMKMTVTKGAPLPFSVHILTPSHMYGSKPFNKYPADIPDYHKQSFPEGMSWERSMIFEDGGVCTASNHSSINLQENCFIYDVKFHGVNLPPDGPVMQKTIAGWEPSVETLYVRDGMLKSDTAMVFKLKGGGHHRVDFKTTYKAKKPVKLPEFHFVEHRLELTKHDKDFTTWDQQEAAEGHFSPLPKALP,eforcp,17.81,609,589,111300,,,default,,0.16,eforcp_default,,,,,,,,,,,,,,,,,,,,,,,,,,,,,,,TDA9A
d,MSELIKENMHMKLYMEGTVNNHHFKCTSEGERKPYEGTQTMKIKVVEGGPLPFAFDILATSFMYGSKTFINHTQGIPDLFKQSFPEGFTWERITTYEDGGVLTATQDTSLQNGCIIYNVKINGVNFPSNGSVMQKKTLGWEANTEMLYPADGGLRGHSQMALKLVGGGYLHCSFKTTYRSKKPAKNLKMPGFHFVDHRLERIKEADKETYVEQHEMAVAKYCDLPSKLGHR,eqfp578,55.08,578,552,102000,,,default,,0.54,eqfp578_default,,,,,,,,,,,,,,,,,,,,,,,,,,,,,,,G5OWS
t,MNSLIKENMRMMVVMEGSVNGYQFKCTGEGDGNPYMGTQTMRIKVVEGGPLPFAFDILATSFMYGSKTFIKHTKGIPDFFKQSFPEGFTWERVTRYEDGGVFTVMQDTSLEDGCLVYHAKVTGVNFPSNGAVMQKKTKGWEPNTEMLYPADGGLRGYSQMALNVDGGGYLSCSFETTYRSKKTVENFKMPGFHFVDHRLERLEESDKEMFVVQHEHAVAKFCDLPSKLGRL,eqfp611,35.1,611,559,78000,2.5,270,default,3.84,0.45,eqfp611_default,,,,,,,,,,,,,,,,,,,,,,,,,,,,,,,R5RQ5
d,MNSLIKENMRMMVVMEGSVNGYQFKCTGEGDGNPYMGTQTMRIKVVEGGPLPFAFDILATSFMYGSKTFIKHTKGIPDFFKQSFPEGFTWERVTRYEDGGVFTVMQDTSLEDGCLVYHAKVTGTNFPSNGAVMQKKTKGWEPNTEMLYPADGGLRGYSQMALNVDGGGYLSCSFETTYRSKKTVENFKMPGFHFVDHRLERLEESDKEMFVVQHEHAVAKFCDLPSKLGRL,eqfp611-v124t,31.08,611,559,74000,,450,default,,0.42,eqfp611-v124t_default,,,,,,,,,,,,,,,,,,,,,,,,,,,,,,,ALL3F
d,MGEDSELISENMHMKLYMEGTVNGHHFKCTSEGEGKPYEGTQTAKIKVVEGGPLPFAFDILATSFMYGSKTFINHTQGIPDFFKQSFPEGFTWERITTYEDGGVLTATQDTSLQNGCLIYNVKINGVNFPSNGPVMQKKTLGWEASTEMLYPADSGLRGHSQMALKLVGGGYLHCSLKTTYRSKKPAKNLKMPGFYFVDRKLERIKEADKETYVEQHEMAVARYCDLPSKLGHS,eqfp650,15.6,650,592,65000,,,default,5.7,0.24,eqfp650_default,,,,,,,,,,,,,,,,,,,,,,,,,,,,,,,JS838
d,MGEDSELISENMHTKLYMEGTVNGHHFKCTSEGEGKPYEGTQTCKIKVVEGGPLPFAFDILATSFMYGSKTFINHTQGIPDFFKQSFPEGFTWERITTYEDGGVLTATQDTSLQNGCLIYNVKINGVNFPSNGPVMQKKTLGWEANTEMLYPADSGLRGHNQMALKLVGGGYLHCSLKTTYRSKKPAKNLKMPGFYFVDRKLERIKEADKETYVEQHEMAVARYCDLPSKLGHS,eqfp670,4.2,670,605,70000,,,default,4.5,0.06,eqfp670_default,,,,,,,,,,,,,,,,,,,,,,,,,,,,,,,7FXGZ
,MSCSKNVIKEFMRFKVRMEGTVNGHEFEIEGEGEGRPYGGHNTVKLKVTKGGPLPFAWDILSPQFQYGSKVYVKHPADIPDYKKLSFPEGFKWERVMNFEDGGVVTVTQDSSLQDGCFIYKVKFIGVNFPSDGPVMQKKTMGWEASTERLYPRDGVLKGDIHKALKLKDGGHYLVEFKSIYMAKKPVQLPGYYYVDSKLDITSHNEDYTIVEQYERTEGRHHLFL,fp586,,586,559,,,,default,,,fp586_default,,,,,,,,,,,,,,,,,,,,,,,,,,,,,,,WUW5F
m,MVSELIKENMPMKLYMEGTINNHHFKCTSEGEGKPYEGTQTMRIKVVEGGPPPFAFDILATSFMYGSRTFIKHPPGIPDFFKQSFPEGFTWERVTTYEDGGVLTATQDTSLQDGCLIYNVKVRGVNFPANGPVMQKKTLGWEASTETMYPADGGLEGACDMALKLVGGGHMICNLETTYRSKKPATNLKMPGVYNVDHRLERIKEADDETYVEQHEVAVARYSTGGAGDGGK,fr-1,28.87,594,569,84900,2.3,,default,,0.34,fr-1_default,,,,,,,,,,,,,,,,,,,,,,,,,,,,,,,39D4R
m,MVSELIKENMPMKLYMEGTVNNHHFKCTSEGEGKPYEGTQTMRIKVVEGGPLPFAFDILATSFMYGSRTFIKHPPGIPDFFKQSFPEGFTWERVTTYEDGGVLTATQDTSLQDGCLIYNVKVRGVNFPANGPVMQKKTLGWEASTETMYPADGGLEGACDMALKLVGGGHLICNLETTYRSKKPATNLKMPGVYNVDHRLERIKEADDETYVEQHEVAVARYSTGGAGDGGK,fusionred,17.95,608,580,94500,1.8,130,default,4.6,0.19,fusionred_default,,,,,,,,,,,,,,,,,,,,,,,,,,,,,,,S6A7A
m,MVSELIKENMPMKLYMEGTVNNHHFKCTSEGEGKPYEGTQTMRIKVVEGGPLPFAFDILATSFMYGSRTFIKHPPGIPDFFKQSFPEGFTWERVTTYEDGGVLTATQDTSLQDGCLIYNVKVRGVNFPANGPVMQKKTLGWEASTETMYPADGGLEGACDMALKLVGGGHMICNLETTYRSKKPATNLKMPGVYNVDHRLERIKEADDETYVEQHEVAVARYSTGGAGDGGK,fusionred-m,24.17,594,571,71100,2.1,,default,,0.34,fusionred-m_default,,,,,,,,,,,,,,,,,,,,,,,,,,,,,,,E3FDV
m,MVSELIKENMPMKLYMEGTVNNHHFKCTSEGEGKPYEGTQTQRIKVVEGGPLPFAFDILATSFMYGSRTFIKHPPGIPDFFKQSFPEGFTWERVTTYEDGGVLTATQDTSLQDGCLIYNVKVRGVNFPANGPVMQKKTLGWEASTETMYPADGGLEGAVDMALKLVGGGHLICNMETTYRSKKPATNLKMPGVYNVDHRLERIKEADDETYVEQHEVAVARYSTGGAGDGGK,fusionred-mqv,76.32,585,566,144000,2.77,195,default,4.6,0.53,fusionred-mqv_default,,,,,,,,,,,,,,,,,,,,,,,,,,,,,,,F35B7
t,MAGLLKESMRIKMYMEGTVNGHYFKCEGEGDGNPFAGTQSMRIHVTEGAPLPFAFDILAPCCEYGSRTFVHHTAEIPDFFKQSFPEGFTWERTTTYEDGGILTAHQDTSLEGNCLIYKVKVHGTNFPADGPVMKNKSGGWEPSTEVVYPENGVLCGRNVMALKVGDRHLICHHYTSYRSKKAVRALTMPGFHFTDIRLQMLRKKKDEYFELYEASVARYSDLPEKAN,hcred,0.3,645,592,20000,,,default,,0.015,hcred_default,,,,,,,,,,,,,,,,,,,,,,,,,,,,,,,LP3PQ
d,MAGLLKESMRIKMYMEGTVNGHYFKCEGEGDGNPFAGTQSMRIHVTEGAPLPFAFDILAPCCEYGSKTFVHHTAEIPDFFKQSFPEGFTWERTTTYEDGGILTAHQDTSLEGNCLIYKVKVHGTNFPADGPVMKNKSGGWEPSTEVVYPENGVLCGRNVMALKVGDRHLICHHYTSYRSKKAVRALTMPGFHFTDYRLQMLRKKKDEYFELYEASVARYSDLPEKAN,hcred7,6,645,592,75000,,,default,,0.08,hcred7_default,,,,,,,,,,,,,,,,,,,,,,,,,,,,,,,LNY1F
td,RSPGMSGLLKESMRIKMYMEGTVNGHYFKCEGEGDGNPFAGTQGMRIHVTEGAPLPFAFDILAPCCAYGSRTFVHHTAEIPDFFKQSFPEGFTWERTTTYEDGGILTAHQDTSLEGNCLIYKVKVHGTNFPADGPVMKNESGGWEPSTEVVYPENGVLCGRNVMALKVGDRHLICHLYTSYKSKKAVRALTMPGFHFTDIRLQMLRKKKDEYFELYEASVARYSDLPEKAN,hcred-tandem,6.4,637,590,160000,,,default,,0.04,hcred-tandem_default,,,,,,,,,,,,,,,,,,,,,,,,,,,,,,,VWTNO
t,MSAIKPDMKINLRMEGNVNGHHFVIDGDGTGKPFEGKQSMDLEVKEGGPLPFAFDILTTAFHYGNRVFAEYPDHIQDYFKQSFPKGYSWERSLTFEDGGICIARNDITMEGDTFYNKVRFHGVNFPANGPVMQKKTLKWEPSTEKMYVRDGVLTGDITMALLLEGNAHYRCDSRTTYKAKEKGVKLPGYHLVDHCIEILSHDKDYNKVKLYEHAVAHSGLPDNARR,irisfp,16.64,580,551,35400,,,Orange,,0.47,irisfp_green,16.64,580,551,35400,,,Orange,,0.47,irisfp_orange,,,,,,,Green (off),,,irisfp_green-off,,,,,,,Orange (off),,,irisfp_orange-off,PA6OT
d,MDEDGSEGGPALFQSDMTFKIFIDGEVNGQKFTIVADGSSKFPHGDFNVHAVCETGKLPMSWKPICHLIQYGEPFFARYPNGISHFAQECFPEGLSIDRTVRFENDGTMTSHHTYELDGTCVVSRITVNCDGFQPDGPIMRDQLVDILPNETHMFPHGPNAVRQLAFIGFTTADGGLMMGHFDSKMTFNGSRAIKIPGPHFVTIITKQMRDTSDKRDHVCQREVTYAHSVPRITSAIGSDEDSGLRSRAQASNSAVDGTAGPGSTGSR,jred,8.8,610,584,44000,,,default,5,0.2,jred_default,,,,,,,,,,,,,,,,,,,,,,,,,,,,,,,HKDXH
d,MSVLITENMHMKLYMEGTVNDHHFKCTSEGEGKPYEGTQTMKIKVVEGGPLPFAFDILATSFMYGSKTFINHTQGIPDFFKQSFPEGFTWERITTYEDGGVLTATQDTSLQNGCLIYNVKINGVNFPSNGPVMQKKTLGWEASTEMLYPADSGLRGHSQMALKLVGGGYLHCSLKTTYRSKKPAKNLKMPGFYFVDRRLERIKEADKETYVEQHEMAVARYCDLPSKLGHS,katushka,22.1,635,588,65000,2.1,34,default,,0.34,katushka_default,,,,,,,,,,,,,,,,,,,,,,,,,,,,,,,Q2ZO7
d,MVGEDSVLITENMHMKLYMEGTVNDHHFKCTSEGEGKPYEGTQTMKIKVVEGGPLPFAFDILATSFMYGSKTFINHTQGIPDFFKQSFPEGFTWERITTYEDGGVLTATQDTSLQNGCLIYNVKINGVNFPSNGPVMQKKTLGWEASTEMLYPADSGLRGHAQMALKLVGGGYLHCSLKTTYRSKKPAKNLKMPGFYFVDRRLERIKEADKETYVEQHEMAVARYCDLPSKLGHS,katushka2s,29.48,633,588,67000,,14,default,5.4,0.44,katushka2s_default,,,,,,,,,,,,,,,,,,,,,,,,,,,,,,,4E21X
d,MGEDSELISENMHMKLYMEGTVNDHHFKCTSEGEGKPYEGTQTMKIKVVEGGPLPFAFDILATSFMYGSKTFINHTQGIPDFFKQSFPEGFTWERITTYEDGGVLTATQDTSLQNGCLIYNVKINGVNFPSNGPVMQKKTLGWEASTEMLYPADSGLRGHSQMALKLVGGGYLHCSLKTTYRSKKPAKNLKMPGFYFVDRKLERIKEADKETYVEQHEMAVARYCDLPSKLGHS,katushka-9-5,,635,588,,,27.4,default,,,katushka-9-5_default,,,,,,,,,,,,,,,,,,,,,,,,,,,,,,,JO1K2
t,MASLLTETMPFKTTIEGTVNGHCFKCIGKGEGNPFEGTQEMKIEVIEGGPLPFAFHILSTSCMYGSKTFIKYVSGIPDYFKQSFPEGFTWERTTTYEDGGFLTAHQDTSLDGDCLVYKVKILGNNFPADGPVMQNKVGRWEPGTEIVYEVDGVLRGQSLMALKCPGGRHLTCHLHTTYRSKKPASALKMPGFHFEDHRIEIMEEVEKGKCYKQYEAAVGRYCDAAPSKLGHN,kfp1,4.13,600,580,59000,,,On,,0.07,kfp1_off,4.13,600,580,59000,,,On,,0.07,kfp1_on,,,,,,,,,,,,,,,,,,,,,5N1DD
d,MEGGPALFQSDMTFKIFIDGEVNGQKFTIVADGSSKFPHGDFNVHAVCETGKLPMSWKPICHLIQYGEPFFARYPDGISHFAQECFPEGLSIDRTVRFENDGTMTSHHTYELDDTCVVSRITVNCDGFQPDGPIMRDQLVDILPNETHMFPHGPNAVRQLAFIGFTTADGGLMMGHFDSKMTFNGSRAIEIPGPHFVTIITKQMRDTSDKRDHVCQREVAYAHSVPRITSAIGSDED,killerred,11.25,610,585,45000,,,default,,0.25,killerred_default,,,,,,,,,,,,,,,,,,,,,,,,,,,,,,,MSYZC
t,MASFLTETMPFKTTIEGTVNGHYFKCTGKGEGNPFEGTQEMKIEVIEGGPLPFAFHILSTSCMYGSKTFIKYVSGIPDYFKQSFPEGFTWERTTTYEDGGFLTAHQDTSLDGDCLVYKVKILGNNFPADGPVMQNKAGRWEPCTEIVYEVDGVLRGQSLMALKCPGGRHLTCHLHTTYRSKKPASALKMPGFHFEDHRIEIMEEVEKGKCYKQYEAAVGRYCDAAPSKLGHN,m355na,46.2,595,572,220000,,,default,,0.21,m355na_default,,,,,,,,,,,,,,,,,,,,,,,,,,,,,,,PO1ML
m,MVSKGEENNMAIIKEFMRFKVHMEGSVNGHEFEIEGEGEGRPYEAFQTAKLKVTKGGPLPFAWDILSPQFMYGSKVYIKHPADIPDYFKLSFPEGFRWERVMNFEDGGIIHVNQDSSLQDGVFIYKVKLRGTNFPSDGPVMQKKTMGWEASEERMYPEDGALKSEIKKRLKLKDGGHYAAEVKTTYKAKKPVQLPGAYIVDIKLDIVSHNEDYTIVEQYERAEGRHSTGGMDELYK,mapple,36.75,592,568,75000,2.9,30,default,6.5,0.49,mapple_default,,,,,,,,,,,,,,,,,,,,,,,,,,,,,,,T5UGO
d,MVSKGEELIKENMHMKLYMEGTVNNHHFKCTSEGEGKPYEGTQTGRIKVVEGGPLPFAFDILAPCFMYGSKTFINHTQGIPDFFKQSFPEGFTWERVTTYEDGGVLTVTQDTSLQDGCLIYNVKLRGVNFPSNGPVMQKKTLGWEASTETLYPADGGLEGRCDWALKLVGGGHLHCNLKTTYRSKKPAKNLKMPGVYFVDRRLERIKEADNETYVEQHEVAVARYCDLPSKLGHKLNGMDELYK,maroon01,5.5,650,610,50000,,,default,,0.11,maroon01_default,,,,,,,,,,,,,,,,,,,,,,,,,,,,,,,6F9A8
m,MVSKGEELIKENMHMKLYMEGTVNNHHFKCTTEGEGKPYEGTQTQRIKVVEGGPLPFAFDILATCFMYGSKTFINHTQGIPDFFKQSFPEGFTWERVTTYEDGGVLTVTQDTSLQDGCLIYNVKLRGVNFPSNGPVMQKKTLGWEATTETLYPADGGLEGRCDMALKLVGGGHLHCNLKTTYRSKKPAKNLKMPGVYFVDRRLERIKEADNETYVEQHEVAVARYCDLPSKLGHKLNGMDELYK,mcardinal,16.53,659,604,87000,,27,default,5.3,0.19,mcardinal_default,,,,,,,,,,,,,,,,,,,,,,,,,,,,,,,7EWEM
m,MVSKGEELIKENMHMKLYMEGTVNNHHFKCTSEGEGKPYEGTQTQRIKVVEGGPLPFAFDILATSFMYGSKTFINHTQGIPDFFKQSFPEGFTWERVTTYEDGGVLKVKQDTSLQDGCLIYNVKIRGVNFPSNGPVMQKKTLGWEANTETLYPADGGLRGYNTMALKLVGGGHLQTFLKTTYRSKKPAKNLKMPGVYFVDRRLERIKEADKETYVEQHEVAVARYCDLPSKLGHKLNGMDELYK,mcarmine,5.81,675,603,83000,,,default,5.58,0.07,mcarmine_default,,,,,,,,,,,,,,,,,,,,,,,,,,,,,,,LG377
m,MVSKGEEDNMAIIKEFMRFKVHMEGSVNGHEFEIEGEGEGRPYEGTQTAKLKVTKGGPLPFAWDILSPQFMYGSKAYVKHPADIPDYLKLSFPEGFKWERVMNFEDGGVVTVTQDSSLQDGEFIYKVKLRGTNFPSDGPVMQKKTMGWEASSERMYPEDGALKGEIKQRLKLKDGGHYDAEVKTTYKAKKPVQLPGAYNVNIKLDITSHNEDYTIVEQYERAEGRHSTGGMDELYK,mcherry,15.84,610,587,72000,1.4,15,default,4.5,0.22,mcherry_default,,,,,,,,,,,,,,,,,,,,,,,,,,,,,,,ZERB6
m,MVSKGEEDNMAIIKEFMRFKVHMEGSVNGHEFEIEGEGEGRPYEGTQTAKLKVTKGGPLPFAWDILSPQFMYGSKAYVKHPADIPDYLKLSFPEGFNWERVMNFEDGGVVTVTQDSSLQDGEFIYKVKLRGTNFPSDGPVMQCRTMGWEASTERMYPEDGALKGEIKQRLKLKDGGHYDAEVKTTYKAKKPVQLPGAYNVDIKLDILSHNEDYTIVEQYERAEGRHSTGGMDELYK,mcherry2,17.47,610,589,79400,,,default,3.3,0.22,mcherry2_default,,,,,,,,,,,,,,,,,,,,,,,,,,,,,,,CN92E
m,MVSKGEEDNMAIIKEFMRFKVHMEGSVNGHEFEIEGEGEGRPYEGTQTAKLKVTKGGPLPFAWDILSPQFMYGSKAYVKHPADIPDYLKLSFPEGFKWERVMNFEDGGVVTVTQDSSLQDGEFIYKVKLRGTNFPSDGPVMQKKTMGSEASSERMYPEDGALKGEVKYRLKLKDGGHYDAEVKTTYKAKKPVQLPGAYNVNRKLDITSHNEDYTIVEQYERAEGRHSTGGMDELYK,mcherry-xl,50.4,589,558,72000,3.9,,Fluorescent,4.6,0.7,mcherry-xl_fluorescent,,,,,,,,,,,,,,,,,,,,,,,,,,,,,,,HZMZV
t,MALSKNGLTKNMTTKYRMEGCVDGHKFVITGDGIGDPFEGKQTSIDLCVVEGGPLPFSEDILSAVFDYGNRVFTKYPQDLVDYFKNSCPAGYTWQRSFLFEDGAVCTASADITVSVEENCFYHESKFHGVNFPADGPVMKKMTTNWEPSCEKITPIPNEGILKGDVTMFLLLKDGGRYRCQFDTVYKAKSDPKTIMMPDWHFIQHKLNREDRSDAKHQKWRLVENAIAYRSTLS,meffrfp,55.78,576,560,99600,,,default,,0.56,meffrfp_default,,,,,,,,,,,,,,,,,,,,,,,,,,,,,,,ND36H
t,MSVIKPDMKLKLRMEGTVNGHYFVIEGDGKGRPFEGKQSMDLDVKEGGPLPFAYDILTTAFHYGNRVFAEYPDHIPDYFKQSFPGGYSWERSLTFEDGGICIARNDIKMVGDTFYNTVRFDGVNFPPNGPVMQRRTQKWEPSTEKIYVRDGVLTGDITMALLLEGGVHYRCDFRTTYKAKEKGVQLPGYHFVDHCIEILSHDKDYNKVKLYEHAVAHSGLPDNKRQ,melerfp,38.76,579,573,45600,,,default,,0.85,melerfp_default,,,,,,,,,,,,,,,,,,,,,,,,,,,,,,,UWMXB
m,MSAIKPDMKIKLRMEGNVNGHHFVIDGDGTGKPFEGKQSMDLEVKEGGPLPFAFDILTTAFHYGNRVFTKYPDNIQDYFKQSFPKGYSWERSLTFEDGGICIARNDITMEGDTFYNKVRFYGTNFPANGPVMQKKTLKWEPSTEKMYVRDGVLTGDIHMALLLEGNAHYRCDFRTTYKAKEKGVKLPGYHFVDHCIEILSHDKDYNKVKLYEHAVAHSGLPDNARR,meos2-a69t,7.59,580,565,11500,4.2,,Orange,7.4,0.66,meos2-a69t_orange,7.59,580,565,11500,4.2,,Orange,7.4,0.66,meos2-a69t_orange,,,,,,,,,,,,,,,,,,,,,YJY7C
m,MVSAIKPDMRIKLRMEGNVNGHHFVIDGDGTGKPYEGKQTMDLEVKEGGPLPFAFDILTTAFHYGNRVFVKYPDNIQDYFKQSFPKGYSWERSLTFEDGGICYARNDITMEGDTFYNKVRFYGTNFPANGPVMQKKTLKWEPSTEKMYVRDGVLTGDIHMALLLEGNAHYRCDFRTTYKAKEKGVKLPGYHFVDHAIEILSHDKDYNKVKLYEHAVAHSGLPDNARR,meos4a,43.31,580,571,61000,,,Red,5.7,0.71,meos4a_red,43.31,580,571,61000,,,Red,5.7,0.71,meos4a_red,,,,,,,,,,,,,,,,,,,,,EC56T
m,MVSAIKPDMRIKLRMEGNVNGHHFVIDGDGTGKPYEGKQTMDLEVKEGGPLPFAFDILTTAFHYGNRVFVKYPDNIQDYFKQSFPKGYSWERSLTFEDGGICNARNDITMEGDTFYNKVRFYGTNFPANGPVMQKKTLKWEPSTEKMYVRDGVLTGDIEMALLLEGNAHYRCDFRTTYKAKEKGVKLPGAHFVDHAIEILSHDKDYNKVKLYEHAVAHSGLPDNARR,meos4b,39.41,580,570,55500,,,Red,5.8,0.71,meos4b_red,39.41,580,570,55500,,,Red,5.8,0.71,meos4b_red,,,,,,,,,,,,,,,,,,,,,V2GB1
m,MVSAIKPDMRIKLRMEGNVNGHHFVIDGEGTGKPYEGKQTMDLEVKEGGPLPFAFDILTTAFHYGNRVFVKYPDNIQDYFKQSFPKGYSWERSMTFEDGGICNARNDITMEGDTFYNKVRFYGTNFPANGPVMQKKTLKWEPSTEKMYVRDGVLTGDIEMALLLEGGAHYRCDFRTTYKAKEKGVKLPGAHFVDHAIEILSHDKDYNKVKLYEHAVAHSGLPDNARR,meosem,112.28,579,569,170128,,,Red,6.5,0.66,meosem_red,112.28,579,569,170128,,,Red,6.5,0.66,meosem_red,,,,,,,,,,,,,,,,,,,,,DKEXK
m,MSAIKPDMKINLRMEGNVNGHHFVIDGDGTGKPFEGKQSMDLEVKEGGPLPFAFDILTTAFHYGNRVFAEYPDHIQDYFKQSFPKGYSWERSLTFEDGGICIARNDITMEGDTFYNKVRFHGTNFPANGPVMQKKTLKWEPSTEKMYVRDGVLTGDIHMALLLEGNAHYRCDFRTTYKAKEKGVKLPGYHFVDHCIEILSHDKDYNKVKLYEHAVAHSGLPDNARR,meosfp,22.94,581,569,37000,4.1,,Red,6.5,0.62,meosfp_red,22.94,581,569,37000,4.1,,Red,6.5,0.62,meosfp_red,,,,,,,,,,,,,,,,,,,,,N8HMF
m,MSAIKPDMKINLRMEGNVNGHHFVIDGDGTGKPFEGKQSMDLEVKEGGPLPFAFDILTTAFHYGNRVFVEYPDHIQDYFKQSFPKGYSWERSLTFEDGGICIARNDITMEGDTFYNKVRFHGTNFPANGPVMQKKTLKWEPSTEKMYVRDGVLTGDIHMALLLEGNAHYRCDSRTTYKAKEKGVKLPGYHLVDHCIEILSHDKDYNKVKLYEHAVAHSGLPDNARR,meosfp-f173s,10.25,581,550,25000,3.7,,Red,6.2,0.41,meosfp-f173s_red,,,,,,,Green (off),,,meosfp-f173s_green-off,,,,,,,Red (off),,,meosfp-f173s_red-off,10.25,581,550,25000,3.7,,Red,6.2,0.41,meosfp-f173s_red,81ENW
m,MNSLIKENMRMKVVLEGSVNGHQFKCTGEGEGNPYMGTQTMRIKVIEGGPLPFAFDILATSFMYGSKTFIKYPKGIPDFFKQSFPEGFTWERVTRYEDGGVITVMQDTSLEDGCLVYHAQVRGVNFPSNGAVMQKKTKGWEPNTEMMYPADGGLRGYNHMALKVDGGGHLSCSLVTTYRSKKTVGNIKMPGIHAVDRRLERLEESDNEMFVVQREHAVAKFAGLGGG,mgarnet,8.55,670,598,95000,0.8,112,default,7.4,0.09,mgarnet_default,,,,,,,,,,,,,,,,,,,,,,,,,,,,,,,AE8QV
m,MNSLIKENMRMKVVLEGSVNGHQFKCTGEGEGNPYMGTQTMRIKVIEGGPLPFAFDILATSFMYGSKTFIKYPKGIPDFFKQSFPEGFTWERVTRYEDGGVITVMQDTSLEDGCLVYHAQLRGVNFPSNGAVMQKKTKGWEPNTEMMYPADGGLRGYNHMALKVDGGGHLHCSLVTTYRSKKTVGNIKMPGIHAVDRRLERLEESDNEMFVVQREHAVAKFAGLGGG,mgarnet2,9.13,671,598,105000,0.76,,default,6.8,0.087,mgarnet2_default,,,,,,,,,,,,,,,,,,,,,,,,,,,,,,,7DP3C
m,MLLKENMHIKMYMEGTVNGHYFKCKGEGDGNPFAGTQSMRVHVTEGAPLPFAFDILAPCCEYGSKTFVRYPADIPDFFKQSFPEGFTWERTTTYEDGGILTAHQDTSLEGNCLIYKVKVHGTNFPADGPVMKKETCGWEPSTESVYPENGVLRGRNHMALKVGDSHLHCHHSTTYRSKKAERALIMPPRHSTDYCLQITSHKDDEYFELYETSVARYSD,mginger1,1.16,637,587,58000,,106,default,7.9,0.02,mginger1_default,,,,,,,,,,,,,,,,,,,,,,,,,,,,,,,AQ2DU
m,MLLKENMHIRMYMEGTVNGHYFKCKGVGDGNPFAGTQSMRVHVTEGAPLPFAFDILAPCCEYGSKTFVRYPADIPDFFKQSFPEGFTWERTTTYEDGGILTAHQDTSLEGNCLIYKVEVHGTNFPADGPVMKKETCGWEPSTESVYPENGVLRGRNHMALKVGDSHLHCHHSTTYRSKKAERALIMPPRHSTDYCLQITSRKDDEYFELHETSVARYSD,mginger2,1.44,631,578,36000,,78,default,6.5,0.04,mginger2_default,,,,,,,,,,,,,,,,,,,,,,,,,,,,,,,GSP4M
m,MASSEDVIKEFMRFKVRMEGSVNGHEFEIEGEGEGRPYEGTQTAKLKVTKGGPLPFAWDILSPQFMYGSKAYVKHPADIPDYLKLSFPEGFKWERVMNFEDGGVVTVTQDSSLQDGEFIYKVKLRGTNFPSDGPVMQKKTMGWEASSERLYPEDGALKGEIKMRLKLKDGGHYDAEAKTTYMAKKPVQLPGAYKLDYKLDITSHNEDYTIVEQYERAEGRHSTGA,mgrape1,1.5,625,595,50000,,70,default,4.5,0.03,mgrape1_default,,,,,,,,,,,,,,,,,,,,,,,,,,,,,,,AL871
m,MVSKGEENNMAVIKEFMRFKVRMEGSVNGHEFEIEGKGEGRPYEGTQTAKLKVTKGGPLPFAWDILSPQFMYGSKAYVKHPPDIPDYMKLSFPEGFKWERVMNFEDGGVVTVTQDSSLQDGEFIYKVKLHGTNFPSDGPVMQKKTMGWEASSERLYPEDGALKGEVKMRLKLKDGGHYDAEVKTTYMAKKPVQLPGAYKLDYKLDITSHNEDYTIVEQYERAEGRHSTGGMDELYK,mgrape2,0.99,636,605,33000,,,default,6.3,0.03,mgrape2_default,,,,,,,,,,,,,,,,,,,,,,,,,,,,,,,H6RGM
m,MVSKGEENNMAVIKEFMRFKTHMEGSVNGHEFEIEGKGEGRPYEGTQTAKLKVTKGGPLPFAWDILSPQMMYGSKAYVKHPPDIPDYMKLSFPEGFKWERVMNFEDGGVVTVTQDSSLQDGEFIYKVKLHGTNFPSDGPVMQKKTMGWEASSERLYPEDGALKGEVKMRLKLKDGGHYDAEVKTTYMAKKPVQLPGAYKLDYKLDITSHNEDYTIVEQYERAEGRHSTGGMDELYK,mgrape3,1.2,646,608,40000,,,default,7,0.03,mgrape3_default,,,,,,,,,,,,,,,,,,,,,,,,,,,,,,,O351D
m,MSELIKENMHMKLYMEGTVNNHHFKCTSEGEGKPYEGTQTMRIKVVEGGPLPFAFDILATSFMYGSKTFINHTQGIPDFFKQSFPEGFTWERVTTYEDGGVLTATQDTSLQDGCLIYNVKIRGVNFPSNGPVMQKKTLGWEASTEMLYPADGGLEGRSDMALKLVGGGHLICNLKTTYRSKKPAKNLKMPGVYYVDRRLERIKEADKETYVEQHEVAVARYCDLPSKLGHK,mkate,14.85,635,588,45000,,,default,6.2,0.33,mkate_default,,,,,,,,,,,,,,,,,,,,,,,,,,,,,,,WRF55
m,MVSELIKENMHMKLYMEGTVNNHHFKCTSEGEGKPYEGTQTMRIKAVEGGPLPFAFDILATSFMYGSKTFINHTQGIPDFFKQSFPEGFTWERVTTYEDGGVLTATQDTSLQDGCLIYNVKIRGVNFPSNGPVMQKKTLGWEASTETLYPADGGLEGRADMALKLVGGGHLICNLKTTYRSKKPAKNLKMPGVYYVDRRLERIKEADKETYVEQHEVAVARYCDLPSKLGHR,mkate2,25,633,588,62500,2.5,20,default,5.4,0.4,mkate2_default,,,,,,,,,,,,,,,,,,,,,,,,,,,,,,,DBBO8
m,MSELIKENMHMKLYMEGTVNNHHFKCTSEGEGKPYEGTQTGRIKVVEGGPLPFAFDILATSFMYGSKTFINHTQGIPDFFKQSFPEGFTWERVTTYEDGGVLTATQDTSLQDGCLIYNVKIRGVNFPSNGPVMQKKTLGWEASTEMLYPADGGLEGRCDMALKLVGGGHLICNLKTTYRSKKPAKNLKMPGVYYVDRRLERIKEADKETYVEQHEVAVARYCDLPSKLGHK,mkate-m41g-s158c,16.06,648,593,73000,,,default,,0.22,mkate-m41g-s158c_default,,,,,,,,,,,,,,,,,,,,,,,,,,,,,,,26VNF
m,MSELIKENMHMKLYMEGTVNNHHFKCTSEGEGKPYEGTQTMRIKVVEGGPLPFAFDILATSFMYGSKTFINHTQGIPDFFKQSFPEGFTWERVTTYEDGGVLTATQDTSLQDGCLIYNVKIRGVNFPSNGPVMQKKTLGWEASTEMLYPADGGLEGRADMALKLVGGGHLICNLKTTYRSKKPAKNLKMPGVYYVDRRLERIKEADKETYVEQHEVAVARYCDLPSKLGHK,mkate-s158a,22.5,630,585,75000,,,default,5.4,0.3,mkate-s158a_default,,,,,,,,,,,,,,,,,,,,,,,,,,,,,,,BRFP4
m,MSELIKENMHMKLYMEGTVNNHHFKCTSEGEGKPYEGTQTMRIKVVEGGPLPFAFDILATSFMYGSKTFINHTQGIPDFFKQSFPEGFTWERVTTYEDGGVLTATQDTSLQDGCLIYNVKIRGVNFPSNGPVMQKKTLGWEASTEMLYPADGGLEGRCDMALKLVGGGHLICNLKTTYRSKKPAKNLKMPGVYYVDRRLERIKEADKETYVEQHEVAVARYCDLPSKLGHK,mkate-s158c,20.79,630,586,63000,,,default,,0.33,mkate-s158c_default,,,,,,,,,,,,,,,,,,,,,,,,,,,,,,,W34KB
m,MELIKENMRMKLYMEGTVGNHHFKCTAEGEGKPYEGTQTQRIKVVEGGPLPFAFDILATCFMYGSKTFINHPQGIPDFFKQSFPEGFTWERVTTYEDGGVLTVTQDTSLQDGYLIYNVKLRGVNFPSNGPVMQKKTLGWEPTTETLVPVDGGLVGRCDMALRLVGGGHLKCNLKTTYRSKKPAKNLKMPGKYQVDRKLERIKEADNETYVEQHEVAVAR,mkelly1,7.04,656,596,44000,,28,default,5.4,0.16,mkelly1_default,,,,,,,,,,,,,,,,,,,,,,,,,,,,,,,3PP3A
m,MELIKENMRMKLYMEGTVGNHHFKCTAEGEGKPYEGTQTQRIKVVEGGPLPFAFDILATCFMYGSKTFINYPQGIPDFFKQSFPEGFTWERVTTYEDGGVLTVTQDTSLQDGYLIYNVKLRGVNFPSNGPVMQKKTLGWEPTTEYLVPVDGGLEGTCDMALRLVGGGHLKCNLKTTYRSKKPAKNLKMPGEHQVDRKLERIKEADNETYVEQHEVAVAR,mkelly2,7.74,649,598,43000,,20,default,5.6,0.18,mkelly2_default,,,,,,,,,,,,,,,,,,,,,,,,,,,,,,,T9G4X
m,MVSVIKPEMKMRYYMDGSVNGHEFTIEGEGTGRPYEGHQEMTLRVTMAEGGPMPFAFDLVSHVFCYGHRVFTKYPEEIPDYFKQAFPEGLSWERSLEFEDGGSASVSAHISLRGNTFYHKSKFTGVNFPADGPIMQNQSVDWEPSTEKITASDGVLKGDVTMYLKLEGGGNHKCQMKTTYKAAKEILEMPGDHYIGHRLVRKTEGNITEQVEDAVAHS,mko2,39.56,565,551,63800,,108,default,5.5,0.62,mko2_default,,,,,,,,,,,,,,,,,,,,,,,,,,,,,,,134NN
m,MSELIKENMHMKLYMEGTVNNHHFKCTSEGEGKPYEGTQTMRIKVVEGGPLPFAFDILATSFMYGSKTFINHTQGIPDFFKQSFPEGFTWERVTTYEDGGVLTATQDTSLQDGCLIYNVKIRGVNFPSNGPVMQKKTLGWEAATEMLYPADGGLEGRSDMALKLVGGGHLICNLKTTYRSKKPAKNLKMPGVYYVDRRLERIKEADKETYVEQHEVAVARYCDLPSKLGHK,mlumin,32.2,621,587,70000,,76,default,4.7,0.46,mlumin_default,,,,,,,,,,,,,,,,,,,,,,,,,,,,,,,UQCHR
m,MVSKGEELIKENMHTKLYLTGTVNNHYFECTAEGEGKPYEGTQTNRIKVVRGGPLPFAFDILAPCFMYGSKTFINHPPDIPDYFKQSFPEGFTWERTTVYEDGGTLTATQDTSLQDGCLIYNVQVRGENFPSNGPVMQKKTLGWEASTETLYPADGSLEGRLDWALKLVGGGHLHCRLETTYRSKKPAKNLKMPGVYFIDRRLERIKEADNETYVEQHEVAVARYCDLPSKLGHKLNGMDELYK,mmaroon1,8.8,657,609,80000,,20,default,6.2,0.11,mmaroon1_default,,,,,,,,,,,,,,,,,,,,,,,,,,,,,,,RATTD
m,MVSKGEEDNMAIIKEFMRFKVHMEGSVNGHEFEIEGEGEGRPYEGTQTAKLKVTKGGPLPFAWDILSPQFCYGSKAYVKHPADIPDYLKLSFPEGFNWERVMNLEDGGVVTVTQDSSLQDGEFIYKVKLRGTNFPSDGPVMQCRTVGWEASTERMHPEDGALKGEIMQRLKLKDGGHYDAEVKTTYKAKKPVQLPGAYNVDIKLDITSHNEDYTIVELYERAEGRHSTGGMDELYK,mnectarine,26.1,578,558,58000,,30,default,6.9,0.45,mnectarine_default,,,,,,,,,,,,,,,,,,,,,,,,,,,,,,,4O71N
m,MVSKGEELIKENMHMKLYMEGTVNNHHFKCTSEGEGKPYEGTQTGRIKVVEGGPLPFAFDILATCFMYGSKTFINHTQGIPDFFKQSFPEGFTWERVTTYEDGGVLTATQDTSLQDGCLIYNVKIRGVNFPSNGPVMQKKTLGWEASTETLYPADGGLEGRCDMALKLVGGGHLICNLKTTYRSKKPAKNLKMPGVYFVDRRLERIKEADKETYVEQHEVAVARYCDLPSKLGHKLNGMDELYK,mneptune,13.4,650,600,67000,,35,default,5.4,0.2,mneptune_default,,,,,,,,,,,,,,,,,,,,,,,,,,,,,,,1LT8G
m,MVSKGEELIKENMHMKLYMEGTVNNHHFKCTSEGEGKPYEGTQTGRIKVVEGGPLPFAFDILATCFMYGSKTFINHTQGIPDFFKQSFPEGFTWERVTTYEDGGVLTVTQDTSLQDGCLIYNVKLRGVNFPSNGPVMQKKTLGWEASTETLYPADGGLEGRCDMALKLVGGGHLHCNLKTTYRSKKPAKNLKMPGVYFVDRRLERIKEADNETYVEQHEVAVARYCDLPSKLGHKLNGMDELYK,mneptune2,21.36,651,599,89000,,27,default,6.3,0.24,mneptune2_default,,,,,,,,,,,,,,,,,,,,,,,,,,,,,,,VXEVZ
m,MVSKGEELIKENMHTKLYMEGTVNNHHFKCTHEGEGKPYEGTQTNRIKVVEGGPLPFAFDILATCFMYGSKTFINHTQGIPDFFKQSFPEGFTWERVTTYEDGGVLTVTQDTSLQDGCLIYNVKLRGVNFPSNGPVMQKKTLGWEASTETLYPADGGLEGRCDMALKLVGGGHLHCNLKTTYRSKKPAKNLKMPGVYFVDRRLERIKEADNETYVEQHEVAVARYCDLPSKLGHKLNGMDELYK,mneptune25,22.8,643,599,95000,,26,default,5.8,0.24,mneptune25_default,,,,,,,,,,,,,,,,,,,,,,,,,,,,,,,OADBJ
m,MVSKGEELIKENMHMKLYMEGTVNNHHFKCTSEGEGKPYEGTQTQRIKVVEGGPLPFAFDILATCFMYGSKTFINHTQGIPDFFKQSFPEGFTWERVTTYEDGGVLTATQDTSLQDGCLIYNVKIRGVNFPSNGPVMQKKTLGWEANTETLYPADGGLRGHNQMALKLVGGGHLICNLKTTYRSKKPAKNLKMPGVYFVDRRLERIKEADKETYVEQHEVAVARYCDLPSKLGHKLNGMDELYK,mneptune681,1.52,681,604,38000,,,default,7.3,0.04,mneptune681_default,,,,,,,,,,,,,,,,,,,,,,,,,,,,,,,REVUQ
m,MVSKGEELIKENMHMKLYMEGTVNNHHFKCTSEGEGKPYEGTQTQRIKVVEGGPLPFAFDILATCFMYGSKTFINHTQGIPDFFKQSFPEGFTWERVTTYEDGGVLTATQDTSLQDGCLIYNVKIRGVNFPSNGPVMQKKTLGWEANTETLYPADGGLRGHNPMALKLVGGGHLICNLKTTYRSKKPAKNLKMPGVYFVDRRLERIKEADKETYVEQHEVAVARYCDLPSKLGHKLNGMDELYK,mneptune684,1.17,684,604,39000,,,default,6.5,0.03,mneptune684_default,,,,,,,,,,,,,,,,,,,,,,,,,,,,,,,Q8TQ6
,MVSVIAKQMTYKVYMSGTVNGHYFEVEGDGKGKPYEGEQTVKLTVTKGGPLPFAWDILSPLSQYGSIPFTKYPEDIPDYVKQSFPEGYTWERIMNFEDGAVCTVSNDSSIQGNCFIYNVKISGVNFPPNGPVMQKKTQGWEPSTERLFARDGMLIGNDFMALKLEGGGHYLCEFKSTYKAKKPVRMPGYHYVDRKLDVTSHNRDYTSVEQCEISIARHSLLG,montipora-sp-20-9115,,606,580,,,,default,,,montipora-sp-20-9115_default,,,,,,,,,,,,,,,,,,,,,,,,,,,,,,,C69E5
m,MNTPGINLIKEDMRVKVHMEGNVNGHAFVIEGEGKGKPYEGTQTAQLTVKEGAPLPFSYDILTTAVHYGNRVFTKYPEDIPDYFKQSFPEGYSWERTMTFEDKGIATIRSDISLEGDTFFQNVRFKGTNFPPNGPVMQKKTLKWEPSTEKLHVRDGLLVGNINMALLLEGGGHYLADFKTTYKAKKVVQLPDAHFVDHRIEILGQDSDYNKVKLYEHAVARYSPLPSQVW,moxdendra2,17.16,571,551,31200,,,Red,,0.55,moxdendra2_green,17.16,571,551,31200,,,Red,,0.55,moxdendra2_red,,,,,,,,,,,,,,,,,,,,,Y46HX
m,MVSKGEEVIKEFMRFKEHMEGSVNGHEFEIEGEGEGRPYEGTQTARLKVTKGGPLPFAWDILSPQIMYGSKAYVKHPADIPDYLKLSFPEGFKWERVMNFEDGGVVTVTQDSSLQDGEFIYKVKVRGTNFPSDGPVMQKKTMGWEASSERMYPEDGALKGEMKMRLRLKDGGHYDAEVKTTYMAKKPVQLPGAYKTDIKLDITSHNEDYTIVEQYERAEGRHSTGA,mplum,4.1,649,590,41000,,100,default,4.5,0.1,mplum_default,,,,,,,,,,,,,,,,,,,,,,,,,,,,,,,XU2WO
m,MVSKGEEVIKEFMRFKPHMEGSVNGHEFEIEGEGEGRPYEGTQTARLKVTKGGPLPFAWDILSPQIMYGSKAYVKHPADIPDYLKLSFPEGFKWERVMNFEDGGVVTVTQDSSLQDGEFIYKVKVRGTNFPSDGPVMQKKTMGWEASSERMYPEDGALKGEMKMRLRLKDGGHYDAEVKTTYMAKKPVQLPGAYKTDIKLDITSHNEDYTIVEQYERAEGRHSTGA,mplum-e16p,,630,590,,,,default,4.7,0.14,mplum-e16p_default,,,,,,,,,,,,,,,,,,,,,,,,,,,,,,,TCPO9
m,MVSKGEEVIKEFMRFKVRMEGSVNGHEFEIEGEGEGRPYEGTQTAKLKVTKGGPLPFAWDILSPQCMYGSKGYVKHPADIPDYLKLSFPEGFKWERVMNFEDGGVVTVTQDSSLQDGEFIYKVKLRGTNFPSDGPVMQKKTMGWEASSERMYPEDGALKGEMKMRLKLKDGGHYDAEVKTTYMAKKPVQLPGAYKTDIKLDITSHNEDYTIVEQYERAEGRHSTGA,mraspberry,12.9,625,598,86000,,,default,,0.15,mraspberry_default,,,,,,,,,,,,,,,,,,,,,,,,,,,,,,,V5FM2
m,MVSKGEEVIKEFMQFKVHMEGSVNGHEFEIEGEGEGRPYEGTQTAKLKVTKGGPLPFAWDILSPQFMYGSKAYVKHPADIPDYFKLSFPEGFKWERVMNFEDGGAVTVTQDSSLEDGTLIYKVKFRGTNFPPDGPVMQKKTMGWEPSTERLYPQDGVLKGEISQALKLKDGGHYLVDFKTTYMAKKPVQLPGAYNVDTKLDITSHNEDYTVVEQYERSEGRHSTGGMDELYK,mred7,,606,589,,0.43,,default,,,mred7_default,,,,,,,,,,,,,,,,,,,,,,,,,,,,,,,1NW9S
m,MVSKGEEVIKEFMQFKVHMEGSVNGHEFEIEGEGEGRPYEGTQTAKLKVTKGGPLPFAWDILSPQFMYGSRAYVKHPADIPDYFKLSFPEGFKWERVMNFEDGGAVTVTQDSSLEDGTLIYKVKFRGTNFPPDGPVMQKKTMGWEPSTERLYPQDGVLKGEISQALKLKDGGHYLVDFKTTYMAKKPVQLPGAYNVDRKLDITSHNEDYTVVEQYERAEGRHSTGGMDELYK,mred7q1,,591,560,,2.29,,default,,,mred7q1_default,,,,,,,,,,,,,,,,,,,,,,,,,,,,,,,TJBUO
m,MVSKGEEVIKEFMQFKVHMEGSVNGHEFEIEGEGEGRPYEGTQTAKLKVTKGGPLPFAWDILSPQFMYGSRAYTKHPADIPDYFKLSFPEGFKWERVMNFEDGGAVTVTQDSSLEDGTLIYKVKFRGTNFPPDGPVMQKKTMGWEPSTERLYPQDGVLKGEISMALKLKDGGHYLVDFKTTYMAKKPVQLPGAYNVDRKLDITSHNEDYTVVEQYERAEGRHSTGGMDELYK,mred7q1s1,,595,569,,,,default,,,mred7q1s1_default,,,,,,,,,,,,,,,,,,,,,,,,,,,,,,,9TBLQ
m,MVSKGEAVIKEFMRFKVHMEGSMNGHEFEIEGEGEGRPYEGTQTAKLKVTKGGPLPFSWDILSPQFMYGSRAFTKHPADIPDYFKQSFPEGFKWERVMNFEDGGAVTVTQDTSLEDGTLIYKVKLRGTNFPPDGPVMQKKTMGWEASTERLYPEDGVLKGDIKMALRLKDGGRYLVDFKTTYKAKKPVQMPGAYNVDRELDITSHNEDYTVVEQYERSEGRHSTGGMDELYK,mred7q1s1bm,,596,569,,3.3,,default,,,mred7q1s1bm_default,,,,,,,,,,,,,,,,,,,,,,,,,,,,,,,86QDA
m,MASSEDVIKEFMRFKVRMEGSVNGHEFEIEGEGEGRPYEGTQTAKLKVTKGGPLPFAWDILSPQFQYGSKAYVKHPADIPDYLKLSFPEGFKWERVMNFEDGGVVTVTQDSSLQDGEFIYKVKLRGTNFPSDGPVMQKKTMGWEASTERMYPEDGALKGEIKMRLKLKDGGHYDAEVKTTYMAKKPVQLPGAYKTDIKLDITSHNEDYTIVEQYERAEGRHSTGA,mrfp1,12.5,607,584,50000,,60,default,4.5,0.25,mrfp1_default,,,,,,,,,,,,,,,,,,,,,,,,,,,,,,,5YCFA
m,MASSEDVIKEFMRFKVRMEGSVNGHEFEIEGEGEGRPYEGTQTAKLKVTKGGPLPFAWDILSPQFMYGSKAYVKHPADIPDYLKLSFPEGFKWERVMNFEDGGVVTVTQDSSLQDGEFIYKVKLRGTNFPSDGPVMQKKTMGWEASSERMYPEDGALKGEIKMRLKLKDGGHYDAEVKTTYMAKKPVQLPGAYKTDIKLDITSHNEDYTIVEQYERAEGRHSTGA,mrfp11,,612,589,,,,default,,,mrfp11_default,,,,,,,,,,,,,,,,,,,,,,,,,,,,,,,EY795
m,MVSKGEEVIKEFMRFKVRMEGSVNGHEFEIEGEGEGRPYEGTQTAKLKVTKGGPLPFAWDILSPQFMYGSKAYVKHPADIPDYLKLSFPEGFKWERVMNFEDGGVVTVTQDSSLQDGEFIYKVKLRGTNFPSDGPVMQKKTMGWEASSERMYPEDGALKGEIKMRLKLKDGGHYDAEVKTTYMAKKPVQLPGAYKTDIKLDITSHNEDYTIVEQYERAEGRHSTGA,mrfp12,,612,590,,,,default,,,mrfp12_default,,,,,,,,,,,,,,,,,,,,,,,,,,,,,,,HMOJG
m,MASSEDVIKEFMRFKVRMEGSVNGHEFEIEGEGEGRPYEGTQTAKLKVTKGGPLPFAWDILSPQFCYGSKAYVKHPADIPDYLKLSFPEGFKWERVMNFEDGGVVTVTQDSSLQDGEFIYKVKLRGTNFPSDGPVMQKKTMGWEASTERMYPEDGALKGEIKMRLKLKDGGHYDAEVKTTYMAKKPVQLPGAYKTDIKLDITSHNEDYTIVEQYERAEGRHSTGA,mrfp1-q66c,10.49,580,559,31800,,10.8,default,,0.33,mrfp1-q66c_default,,,,,,,,,,,,,,,,,,,,,,,,,,,,,,,MSSUL
m,MASSEDVIKEFMRFKVRMEGSVNGHEFEIEGEGEGRPYEGTQTAKLKVTKGGPLPFAWDILSPQFSYGSKAYVKHPADIPDYLKLSFPEGFKWERVMNFEDGGVVTVTQDSSLQDGEFIYKVKLRGTNFPSDGPVMQKKTMGWEASTERMYPEDGALKGEIKMRLKLKDGGHYDAEVKTTYMAKKPVQLPGAYKTDIKLDITSHNEDYTIVEQYERAEGRHSTGA,mrfp1-q66s,11.52,569,555,32900,,54,default,,0.35,mrfp1-q66s_default,,,,,,,,,,,,,,,,,,,,,,,,,,,,,,,CQCQT
m,MVSKGEEDNMAIIKEFMRFKTHMEGSVNGHEFEIEGEGEGRPYEGTQTAKLKVTKGGPLPFAWDILSPQFMYGSKAYVKHPADIPDYLKLSFPEGFKWERVMNFEDGGVVTVTQDSSLQDGEFIYKVKLHGTNFPSDGPVMQKKTMGWEASSERMYPEDGALKGEIKLRLKLKDGGHYDAEVKTTYKAKKPVQLPGAYNANYKLDITSHNEDYTIVEQYERCEGRHSTGGMDELYK,mrojoa,0.96,633,597,48000,,,default,5.4,0.02,mrojoa_default,,,,,,,,,,,,,,,,,,,,,,,,,,,,,,,QEO8D
m,MVSKGEEDNMAIIKEFMRFKTHMEGSVNGHEFEIEGEGEGRPYEGTQTAKLKVTKGGPLPFAWDILSPQFMYGSKAYVKHPADIPDYLKLSFPEGFKWERVMNFEDGGVVTVTQDSSLQDGEFIYKVKLHGTNFPSDGPVMQKKTMGWEASSERMYPEDGAMKGEIKLRLKLKDGGHYDAEVKTTYKAKKPVQLPGAYNANYKLDITSHNEDYTIVEQYERCEGRHSTGGMDELYK,mrojob,3.66,631,598,61000,,,default,5,0.06,mrojob_default,,,,,,,,,,,,,,,,,,,,,,,,,,,,,,,6LJKY
m,MVSKGEEDNMAIIKEFMRFKTHMEGSVNGHEFEIEGEGEGRPYEGTQTAKLKVTKGGPLPFAWDILSPQFMYGSKAYVKHPADIPDYLKLSFPEGFKWERVMNFEDGGVVTVTQDSSLQDGEFIYKVKLRGTNFPSDGPVMQKKTMGWEACSERMYPEDGALKGEMKMRLKLKDGGHYDAEVKTTYKAKKPVQLPGAYNTNTKLDITSHNEDYTIVEQYERNEGRHSTGGMDELYK,mrouge,0.86,637,600,43000,,,default,6.1,0.02,mrouge_default,,,,,,,,,,,,,,,,,,,,,,,,,,,,,,,JXVU8
m,MSVIATQMTYKVYMSGTVNGHYFEVEGDGKGRPYEGEQTVKLTATKGGPLPFAWDILSPQCQYGSIPFTKYPEDIPDYVKQSFPEGFTWERIMNFEDGAVCTVSNDSSIQGNCFTYHVKFRGLNFPPNGPVMQKKTQGWEPHSERLFARGGMLIGNNRMALKLEGGGHYLCEFKTTYKAKKPVKMPGYHYVDRKLDVTNHNKDYTSVEQCEISIARKPVVA,mrtms5,0.27,633,588,54100,,,default,,0.005,mrtms5_default,,,,,,,,,,,,,,,,,,,,,,,,,,,,,,,FD244
m,MNSLIKENMRMKVVLEGSVNGHQFKCTGEGEGNPYMGTQTMRIKVIEGGPLPFAFDILATSFMYGSRTFIKYPKGIPDFFKQSFPEGFTWERVTRYEDGGVITVMQDTSLEDGCLVYHAQVRGVNFPSNGAVMQKKTKGWEPNTEMMYPADGGLRGYTHMALKVDGGGHLSCSFVTTYRSKKTVGNIKMPGIHAVDHRLERLEESDNEMFVVQREHAVAKFAGLGGG,mruby,39.2,605,558,112000,2.6,168,default,4.4,0.35,mruby_default,,,,,,,,,,,,,,,,,,,,,,,,,,,,,,,6KLAW
m,MVSKGEELIKENMRMKVVMEGSVNGHQFKCTGEGEGNPYMGTQTMRIKVIEGGPLPFAFDILATSFMYGSRTFIKYPKGIPDFFKQSFPEGFTWERVTRYEDGGVVTVMQDTSLEDGCLVYHVQVRGVNFPSNGPVMQKKTKGWEPNTEMMYPADGGLRGYTHMALKVDGGGHLSCSFVTTYRSKKTVGNIKMPGIHAVDHRLERLEESDNEMFVVQREHAVAKFAGLGGGMDELYK,mruby2,42.94,600,559,113000,2.5,150,default,5.3,0.38,mruby2_default,,,,,,,,,,,,,,,,,,,,,,,,,,,,,,,8MJ78
m,MVSKGEELIKENMRMKVVMEGSVNGHQFKCTGEGEGRPYEGVQTMRIKVIEGGPLPFAFDILATSFMYGSRTFIKYPADIPDFFKQSFPEGFTWERVTRYEDGGVVTVTQDTSLEDGELVYNVKVRGVNFPSNGPVMQKKTKGWEPNTEMMYPADGGLRGYTDIALKVDGGGHLHCNFVTTYRSKKTVGNIKMPGVHAVDHRLERIEESDNETYVVQREVAVAKYSNLGGGMDELYK,mruby3,57.6,592,558,128000,,136.5,default,4.8,0.45,mruby3_default,,,,,,,,,,,,,,,,,,,,,,,,,,,,,,,MZMFB
m,MVSKGEELIKENMRMKVVMEGSVNGHQFKCTGEGEGNPYMGTQTMRIKVIEGGPLPFAFDILATSFLYGSRTFIKYPKGIPDFFKQSFPEGFTWERVTRYEDGGVVTVMQDTSLEDGCLVYHVQVRGVDFPSNGPVMQKKTKGWEPSTEMMYPADGGLRGYTHMALKVDGGGHLSCSFVTTYRSKKTVGNIKMPGIHAVDHRLERLEESDNEMFVVLREHSVAKFAGRGGMDELYK,mrubyft,2.55,624,582,29600,,900,Red-form,4.5,0.086,mrubyft_red-form,2.55,624,582,29600,,900,Red-form,4.5,0.086,mrubyft_red-form,,,,,,,,,,,,,,,,,,,,,9JNRR
m,MAIIKEFMRFKVHMEGSVNGHEFEIEGEGEGRPYEGTQTAKLKVTKGGPLPFAWDILSLQFMYGSKAYVKHPADIPDYLKLSFPEGFKWERVMNFEDGGVVTVTQDSSLQDGEFIYKVKLHGTNFPSDGPVMQKKTMGSEASSERMYPEDGALKGEVKVRFKLKDGGHYVAEVKTTYKAKKPVQLPGAYYANIKMDITSHNEDYTIVEQYERCEGRHSTGGMDELYK,msandy2,27.65,606,581,79000,,,Basic,,0.35,msandy2_basic,,,,,,,,,,,,,,,,,,,,,,,,,,,,,,,OS9DX
m,MVSKGEAVIKEFMRFKVHMEGSMNGHEFEIEGEGEGRPYEGTQTAKLKVTKGGPLPFSWDILSPQFMYGSRAFTKHPADIPDYYKQSFPEGFKWERVMNFEDGGAVTVTQDTSLEDGTLIYKVKLRGTNFPPDGPVMQKKTMGWEASTERLYPEDGVLKGDIKMALRLKDGGRYLADFKTTYKAKKPVQMPGAYNVDRKLDITSHNEDYTVVEQYERSEGRHSTGGMDELYK,mscarlet,70,594,569,100000,3.9,174,default,5.3,0.7,mscarlet_default,,,,,,,,,,,,,,,,,,,,,,,,,,,,,,,FVS3D
m,MVSKGEAVIKEFMRFKVHMEGSMNGHEFEIEGEGEGRPYEGTQTAKLKVTKGGPLPFSWDILSPQFMYGSRAFTKHPADIPDYYKQSFPEGFKWERVMNFEDGGAVTVTQDTSLEDGTLIYKVKLRGTNFPPDGPVMQKKTMGWEASTERLYPEDGVLKGDIKMALRLKDGGRYLADFKTTYKAKKPVQMPGAYNVDRKLDITSHNEDYTVVEQYERSEARHSTGGMDELYK,mscarlet-220a,63.46,594,568,95000,,,default,,0.668,mscarlet-220a_default,,,,,,,,,,,,,,,,,,,,,,,,,,,,,,,ZHYAA
m,MVSKGEAVIKEFMRFKVHMEGSMNGHEFEIEGEGEGRPYEGTQTAKLKVTKGGPLPFSWDILSPQFMYGSRAFTKHPADIPDYYKQSFPEGFKWERVMNFEDGGAVSVTQDTSLEDGTLIYKVKLRGTNFPPDGPVMQKKTMGWEASTERLYPEDVVLKGDIKMALRLKDGGRYLADFKTTYKAKKPVQMPGAYNIDRKLDITSHNEDYTVVEQYERSVARHSTGGMDELYK,mscarlet-2a,66.44,592,568,97000,,,default,,0.685,mscarlet-2a_default,,,,,,,,,,,,,,,,,,,,,,,,,,,,,,,2G7N6
m,MVSKGEAVIKEFMRFKVHMEGSMNGHEFEIEGEGEGRPYEGTQTAKLKVTKGGPLPFSWDILSPQFMYGSRAFTKHPADIPDYWKQSFPEGFKWERVMNFEDGGAVSVTQDTSLEDGTLIYKVKLRGTNFPPDGPVMQKKTMGWEASTERLYPEDVVLKGDIKMALRLKDGGRYLADFKTTYKAKKPVQMPGAYNIDRKLDITSHNEDYTVVEQYERSVARHSTGGMDELYK,mscarlet-2a-84w,67.9,592,568,97000,,,default,,0.7,mscarlet-2a-84w_default,,,,,,,,,,,,,,,,,,,,,,,,,,,,,,,5CEBO
m,MDSTEAVIKEFMRFKVHMEGSMNGHEFEIEGEGEGRPYEGTQTAKLRVTKGGPLPFSWDILSPQFMYGSRAFTKHPADIPDYWKQSFPEGFKWERVMNFEDGGAVSVAQDTSLEDGTLIYKVKLRGTNFPPDGPVMQKKTMGWEASTERLYPEDVVLKGDIKMALRLKDGGRYLADFKTTYRAKKPVQMPGAFNIDRKLDITSHNEDYTVVEQYERSVARHSTGGSGGS,mscarlet3,78,592,569,104000,4,37,default,4.5,0.75,mscarlet3_default,,,,,,,,,,,,,,,,,,,,,,,,,,,,,,,1AFJZ
m,MVSKGEAVIKEFMRFKVHMEGSMNGHEFEIEGEGEGRPYEGTQTAKLKVTKGGPLPFSWDILSPQFMYGSRAFTKHPADIPDYYKQSFPEGFKWERVMNFEDGGAVTVTQDTSLEDGTLIYKVKLRGTNFPPDGPVMQKKTMGWEASTERLYPEDGVLKGDIKHALRLKDGGRYLADFKTTYKAKKPVQMPGAYNVDRKLDITSHNEDYTVVEQYERSEGRHSTGGMDELYK,mscarlet-h,14.8,592,551,74000,1.3,264,default,4.8,0.2,mscarlet-h_default,,,,,,,,,,,,,,,,,,,,,,,,,,,,,,,588N2
m,MVSKGEAVIKEFMRFKVHMEGSMNGHEFEIEGEGEGRPYEGTQTAKLKVTKGGPLPFSWDILSPQFMYGSRAFIKHPADIPDYYKQSFPEGFKWERVMNFEDGGAVTVTQDTSLEDGTLIYKVKLRGTNFPPDGPVMQKKTMGWEASTERLYPEDGVLKGDIKMALRLKDGGRYLADFKTTYKAKKPVQMPGAYNVDRKLDITSHNEDYTVVEQYERSEGRHSTGGMDELYK,mscarlet-i,56.16,593,569,104000,3.1,36,default,5.4,0.54,mscarlet-i_default,,,,,,,,,,,,,,,,,,,,,,,,,,,,,,,6VVTK
m,MVSKGEAVIKEFMRFKVHMEGSMNGHEFEIEGEGEGRPYEGTQTAKLKVTKGGPLPFSWDILSPQFMYGSRAFIKHPADIPDYYKQSFPEGFKWERVMNFEDGGAVTVTQDTSLEDGTLIYKVKLRGTNFPPDGPVMQKKTMGWEASTERLYPEDGVLKGDIKMALRLKDGGRYLADFKTTYKAKKPVQMPGAYNVDRKLDITSHNEDYTVVEQYERSEARHSTGGMDELYK,mscarlet-i-220a,54.3,594,568,100000,,,default,,0.543,mscarlet-i-220a_default,,,,,,,,,,,,,,,,,,,,,,,,,,,,,,,3DUUH
m,MDSTEAVIKEFMRFKVHMEGSMNGHEFEIEGEGEGRPYEGTQTAKLKVTKGGPLPFSWDILSPQFMYGSRAFIKHPADIPDYWKQSFPEGFKWERVMIFEDGGTVSVTQDTSLEDGTLIYKVKLRGGNFPPDGPVMQKRTMGWEASTERLYPEDVVLKGDIKMALRLKDGGRYLADFKTTYKAKKPVQMPGAFNIDRKLDITSHNEDYTVVEQYERSVARHSTGGSGGS,mscarlet-i3,68.25,592,568,105000,3.6,2,default,4.2,0.65,mscarlet-i3_default,,,,,,,,,,,,,,,,,,,,,,,,,,,,,,,THSBS
m,MVSKGEAVIKEFMRFKVHMEGSMNGHEFEIEGEGEGRPYEGTQTAKLKVTKGGPLPFSWDILSPQFMYGSRAFIKHPADIPDYWKQSFPEGFKWERVMIFEDGGTVSVTQDTSLEDGTLIYKVKLRGGNFPPDGPVMQKRTMGWEASTERLYPEDVVLKGDIKMALRLKDGGRYLADFKTTYKAKKPVQMPGAFNIDRKLDITSHNEDYTVVEQYERSVARHSTGGMDELYK,mscarlet-i3-ncwt,66.61,592,567,102000,,,default,,0.653,mscarlet-i3-ncwt_default,,,,,,,,,,,,,,,,,,,,,,,,,,,,,,,1VSM7
m,MVSELIKENMHMKLYMEGTVNNHHFKCTSEGEGKPYEGTQTMRIKAVEGGPLPFAFDILATSFMYGSKTFINHTQGIPDFFKQSFPEGFTWERVTTYEDGGVLTATQDTSLQDGCLIYNVKIRGVNFPSNGPVMQKKTLGWEACTETLYPADGGLEGRADMALKLVGGGHLICNLKTTYRSKKPAKNLKMPGVYYVDRRLERIKEADKETYVEQHEVAVARYCDLPSKLGHR,mstable,7.65,633,597,45000,,,default,,0.17,mstable_default,,,,,,,,,,,,,,,,,,,,,,,,,,,,,,,DKZQ7
m,MVSKGEENNMAIIKEFMRFKVRMEGSVNGHEFEIEGEGEGRPYEGTQTAKLKVTKGGPLPFAWDILTPNFTYGSKAYVKHPADIPDYLKLSFPEGFKWERVMNFEDGGVVTVTQDSSLQDGEFIYKVKLRGTNFPSDGPVMQKKTMGWEASSERMYPEDGALKGEIKMRLKLKDGGHYDAEVKTTYKAKKPVQLPGAYIVGIKLDITSHNEDYTIVELYERAEGRHSTGGMDELYK,mstrawberry,26.1,596,574,90000,,50,default,4.5,0.29,mstrawberry_default,,,,,,,,,,,,,,,,,,,,,,,,,,,,,,,TN3DM
m,MASSEDVIKEFMRFKVRMEGSVNGHEFEIEGEGEGRPYEGTQTAKLKVTKGGPLPFAWDILSPQFCYGSKAYVKHPADIPDYLKLSFPEGFKWERVMNFEDGGVVTVTQDSSLQDGEFIYKVKLRGTNFPSDGPVMQKKTMGWEASSERMYPEDGALKGEIKMRLKLKDGGHYDAEVKTTYMAKKPVQLPGAYKTDIKLDITSHNEDYTIVELYERAEGRHSTGA,mtangerine,11.4,585,568,38000,,,default,5.7,0.3,mtangerine_default,,,,,,,,,,,,,,,,,,,,,,,,,,,,,,,N63O3
d,MVSKGEELIKENMHMKLYMEGTVNNHHFKCTSEGEGKPYEGTQTGRIKVVEGGPLPFAFDILATCFMYGSKTFINHTQGIPDFFKQSFPEGFTWERVTTYEDGGVLTATQDTSLQDGCLIYNVKIRGVNFPSNGPVMQKKTLGWEASTEMLYPADGGLEGRCDMALKLVGGGHLICNLKTTYRSKKPAKNLKMPGVYFVDRRLERIKEADKETYVEQHEVAVARYCDLPSKLGHKLNGMDELYK,neptune,12.96,650,600,72000,,35,default,5.8,0.18,neptune_default,,,,,,,,,,,,,,,,,,,,,,,,,,,,,,,Z3GLX
m,MVSKGEEDNMAIIKEFMRFKVHMEGSVNGHVFEIEGEGEGRPYEGTQTAKLKVTKGGPLPFTWDILSPQFMYGSNAYVKHPADIPDYFKLSFPEGFKWERVMKFEDGGVVTVTQDSSLQDGEFIYKVKLRGTNFPSDGPVMQKKTMGWEALSERMYPEDGALKGEVKPRVKLKDGGHYDAEVKTTYKAKKPVQLPGAYNVNRKLDITSHNEDYTIVEQYERAEGRHSTGGMDELYK,pamcherry1,8.28,595,564,18000,,23,On,6.3,0.46,pamcherry1_on,,,,6500,,,Off,,,pamcherry1_off,,,,,,,,,,,,,,,,,,,,,OMODZ
m,MVSKGEEDNMAIIKEFMRFKVHLEGSVNGHEFEIEGEGEGRPYEGTQTAKLKVTKGGPLPFAWDILSPQFMYGSNAYVKHPADIPDYFKLSFPEGFKWERVMNFEDGGVVTVTQDSSLQDGEFIYKVKLRGTNFPSDGPVMQKKTMGWETLSERMYPEDGALKGELKARTKLKDGGHYDTEVKTTYKAKKPVQLPGAYNVNRKLDITSHNEDYTIVEQYERAEGLHSTGGMDELYK,pamcherry2,12.72,596,570,24000,,18,On,6.2,0.53,pamcherry2_on,12.72,596,570,24000,,18,On,6.2,0.53,pamcherry2_on,,,,,,,,,,,,,,,,,,,,,SV3XM
m,MVSKGEEDNMAIIKEFMRFKVHLEGSVNGHEFEIEGEGEGRPYEGTQTAKLKVTKGGPLPFTWDILSPQFMYGSNAYVKHPADIPDYFKLSFPEGFKWERVMNFEDGGVVTVTQDSSLQDGEFIYKVKLRGTNFPSDGPVIQKKTMGWDALSERMYPEDGALKGELKARLKLKDGGHYEAEVKTTYKAKKPVQLPGAYNVNRKLDITSHNEDYTIVEQYERAEGRHSTGGMDELYK,pamcherry3,5.04,596,570,21000,,25,On,6.2,0.24,pamcherry3_on,,,,6500,,,Off,,,pamcherry3_off,,,,,,,,,,,,,,,,,,,,,PL518
m,MSELIKENMHMKLYMEGTVNNHHFKCTSEGEGKPYEGTQTMRIKVVEGGPLPFAFDILATSFMYGSKTFINHTQGIPDFWKQSFPEGFTWERVTTYEDGGVLTATQDTSLQDGCLIYNVKIRGVNFPSNGPVMQKKTLGWEANTEMLYPADGGLEGRGDMALKLVGGGHLICNLKTTYRSKKPAKNLKMPGVYYVDRRLERIKEADKETYVEQHEVAVARYCDLPSKLGHKLN,pamkate,4.5,628,586,25000,,19,On,5.6,0.18,pamkate_on,,,,,,,Off,,,pamkate_off,,,,,,,,,,,,,,,,,,,,,DTAXR
m,MSELIKENMHMKLYMEGTVNNHHFKCTSEGEGKPYEGTQTMRIKVVEGGPLPFAFDILATSFMYGSSTFINHTQGIPDFFKQSWPEGFTWERVTTYEDGGVLTATQDTSLQDGCLIYNVKIRGVNFPSNGPVMKKKTLGWEPSTEKLKPADGGLEGRVDMALKLVGGGHLICNFKTTYRSKKPAKNLKMPGVYYVDRRLEIIKEADKETYWEQHEVAVARYSDLPSKLGHK,patagrfp,25.08,595,562,66000,,,On,5.3,0.38,patagrfp_on,,,,,,,Off,,,patagrfp_off,,,,,,,,,,,,,,,,,,,,,OAKV5
t,MSELIKENMHMKLYMEGTVNNHHFKCTSEGEGKPYEGTQTMRIKVVEGGPLPFAFDILATSFMYGSSTFINHTQGIPDFFKQSWPEGFTWERVTTYEDGGVLTATQDTSLQDGCLIYNVKIRGVNFPSNGPVMKKKTLGWEPSTEMLYPADGGLGGVVDMALKLVGGGHLICNFKTTYRSKKPAKNLKMPGVYYVDRRLEIIKEADKETYWEQHEVAVARYCDLPSKLGHK,patagrfp1297,26.46,595,563,63000,,25,On,,0.42,patagrfp1297_on,,,,,,,Off,,,patagrfp1297_off,,,,,,,,,,,,,,,,,,,,,XQCPX
d,MSELIKENMHMKLYMEGTVNNHHFKCTSEGEGKPYEGTQTMRIKVVEGGPLPFAFDILATSFMYGSSTFINHTQGIPDFWKQSFPEGFTWERVTTYEDGGVLTATQDTSLQDGCLIYNVKIRGVNFPSNGPVMKKKTLGWEPSTEMLYPADGGLEGVVNMALKLVGGGHLICNFKTTYRSKKPAKNLKMPGVYYVDRRLEQIKEADKETYWEQHEVAVARYCDLPSKLGHK,patagrfp1314,28.06,596,562,61000,,25,On,,0.46,patagrfp1314_on,,,,,,,Off,,,patagrfp1314_off,,,,,,,,,,,,,,,,,,,,,7UFQR
t,MSVIKPDMKIKLRMEGAVNGHPFAIEGVGLGKPFEGKQSMDLKVKEGGPLPFAYDILTTAFHYGNRVFAKYPENIVDYFKQSFPEGYSWERSMSYEDGGICIATNDITLDGDCYIYEIRFDGVNFPANGPVMQKRTVKWEPSTEKLYVRDGVLKGDVNMALSLEGGGHYRCDFKTTYKAKKVVQLPDYHFVDHHIEIKSHDKDYSNVNLHEHAEAHSGLPRQAK,pcdronpa,51,581,569,75000,3.9,,Red,6.3,0.68,pcdronpa_red,51,581,569,75000,3.9,,Red,6.3,0.68,pcdronpa_red,97.75,517,505,115000,3.2,,Green,5.5,0.85,pcdronpa_green,,,,,,,,,,,WV3Q7
m,MSAIKPDMKIKLRMEGNVNGHHFVIDGEGTGKPFEGKQSMDLEVKEGGPLPFAFDILTTAFHYGNRVFAKYPDNIQDYFKQSFPKGYSWERSMTFEDGGICNARNDITMEGDTFYNKVRFYGTNFPANGPVMQKKTLKWEPSTEKMYVRDGVLTGDIEMALLLEGGAHYRCDFRTTYKAKEKGVKLPGAHFVDHCIEILSHDKDYNKVKLYEHAVAHSGLPDNARR,pcstar,21.3,579,567,48403,,,Red,6.14,0.44,pcstar_red,21.3,579,567,48403,,,Red,6.14,0.44,pcstar_red,,,,,,,,,,,,,,,,,,,,,3SXVB
m,MVSKGEENNMAIIKEFMRFKVHMEGSVNGHEFEIEGEGEGRPYEAFQTAKLKVTKGGPLPFAWDILSPQFMYGSKVYIKHPADIPDYFKLSFPEGFRWERVMNFEDGGIIHVNQDSSLQDGVFIYKVKLRGTNFPSDGPVMQKKTMGWEASEERMYPEDGALYSEIKKRLKLKDGGHYAAEVKTTYKAKKPVQLPGAYIVDIKLDIVSHNEDYTIVEQYERAEGRHSTGGMDELYK,phuji,6.82,598,566,31000,,,default,7.7,0.22,phuji_default,,,,,,,,,,,,,,,,,,,,,,,,,,,,,,,SS15T
t,MALSKQTGIQTEMKTKFHMEGIVNGHSFEVEGNGSGQPYEGVQKMKLTVTKGAPLPFSIDILLPQEMYGSKPFIKYPDNIPDYIKLSFPEGITWERTMTFEDGAVCTASNDSRLVGNCFIYEVKFQGVNFPRDGPVMQRKTKGWEPSTERLYEWDGCQRGDVDMALKLEDGGHYTVNFKTTYKSKKKDLKVPPYHFVDHKLELLSHNIVGTKEDFEQKETAHAHLSSLNSLNQ,plobrfp,62.16,614,578,84000,,,default,,0.74,plobrfp_default,,,,,,,,,,,,,,,,,,,,,,,,,,,,,,,ESQ8O
t,MALSKQSGVKDVMNTELHMDGIVNGHPFEIKGKGKGNPYKGVQTMKLTVIKGAPLPFSIDILLPQHMYGSKPFIKYPESIPDYIKLSFPEGITWERSMTFEDGAVCTVSNDSRLDGDSFIYEVRFLGVNFPRDGPVMQKKTRGWDPSTERLYECGGWQRGDVHMALKLENGGHYTCDFKTTYKSKKGLKVPPYHFVDHKLDLLSHNTDGATFEEFEQREIAHAHLSNLPVA,pporrfp,51.25,595,578,94900,,,default,,0.54,pporrfp_default,,,,,,,,,,,,,,,,,,,,,,,,,,,,,,,FRRJW
m,MVSKGEEDNMAIIKEFMRFKVHMEGSVNGHEFEIEGEGEGRPYEGTQTAKLKVTKGGPLPFAWDILSPQFMYGSKAYVKHPADIPDYLKLSFPEGFKWERVMNFEDGGVVTVTQDSSLQDGEFIYKVKLRGTNFPSDGPVMQKKTMGWEASSERMYPEDGALKGEGKGRLKLKDGGHYDAEVKTTYKAKKPVQLPGAYNVNIKLDITSHNEDYTIVEQYERAEGRHSTGGMDELYK,rdsmcherry01,5.96,625,598,59600,,,default,,0.1,rdsmcherry01_default,,,,,,,,,,,,,,,,,,,,,,,,,,,,,,,JVYE5
m,MVSKGEEDNMAIIKEFMRFKVHMEGSVNGHEFEIEGEGEGRPYEGTQTAKLKVTKGGPLPFAWDILSPQFMYGSKAYVKHPADIPDYLKLSFPEGFKWERVMNFEDGGVVTVTQDSSLQDGEFIYKVKLRGTNFPSDGPVMQKKTMGWEASSERMYPEDGALKGEGKGRLKLKDGGHYDAEVKTTYKAKKPVQLPGAYNCNYKLDITSHNEDYTIVEQYERAEGRHSTGGMDELYK,rdsmcherry02,1.03,630,600,34400,,,default,,0.03,rdsmcherry02_default,,,,,,,,,,,,,,,,,,,,,,,,,,,,,,,XOVUP
m,MVSKGEEDNMAIIKEFMRFKSHMEGSVNGHEFEIEGEGEGRPYEGTQTCKLKVTKGGPLPFAWDILSPQFMYGSKAYVKHPADIPDYLKLSFPEGFKWERVMNFEDGGVVTVTQDSSLQDGEFIYKVKLRGTNFPSDGPVMQKKTMGWEPSSERMYPEDGALKGEGKGRLKLKDGGHYDAEVKTTYKAKKPVQLPGAYNCNYKLDITSHNEDYTIVEQYERAEGRHSTGGMDELYK,rdsmcherry05,0.47,636,604,23300,,,default,,0.02,rdsmcherry05_default,,,,,,,,,,,,,,,,,,,,,,,,,,,,,,,CS45L
m,MVSKGEEDNMAIIKEFMRFKSHMEGSVNGHEFEIEGEGEGRPYEGTQTCKLKVTKGGPLPFAWDILSPQFMYGSKAYVKHPADIPDYLKLSFPEGFKWERVMNFEDGGVVTVTQDSSLQDGEFIYKVKLRGTNFPSDGPVMQKKTMGWEPSSERMYPEDGALKGEGKGRLKLKDGGHYDAEVKTTYKAKKPVQLPGAYNCNIKLDITSHNEDYTIVEQYERAEGRHSTGGMDELYK,rdsmcherry1,4.99,630,600,55400,,,default,5.6,0.09,rdsmcherry1_default,,,,,,,,,,,,,,,,,,,,,,,,,,,,,,,CC2YL
,MSALKEEMKIXLTLVGVVNGHPFKIIGDGKGKPYEGSQELTLAVVEGGPLPFSYDILTTIVHYGNRAFVNYPKDIPDIFKQTCSGPGAGYSWQRTMSFEDGGVCTATSHIRVDGDTFNYDIHFMGADFPLNGPVMQKRTVKWEPSTEIMFQCDGLLRGDVAMSLLLKGGGHYRCDFKTIYKPKKNVKMPGYHFVDHCIEITSQQDDYNVVELYEGAVAHYSPLQKPCQAKA,rflorfp,,574,566,,,,default,,,rflorfp_default,,,,,,,,,,,,,,,,,,,,,,,,,,,,,,,46ZQ7
t,MNSLIKENMRMMVVMEGSVNGYQFKCTGEGDGNPYMGTQTMRIKVVEGGPLPFAFDVLATSFMYGSKTFIKHTKGIPDFFKQSFPEGFTWERVTRYEDGGVITVMQDTSLEDGCLVYHAKVTGVNFPSNGAVMQKKTKGWEPNTEMLYPADGGLRGYSQMALNVDGGGYLSCSFETTYRSKKTVENFKMPGFHFVDHRLERLEESDKEMFVVQHEHAVAKFCDLPSKLGRL,rfp611,57.6,611,559,120000,,110,default,,0.48,rfp611_default,,,,,,,,,,,,,,,,,,,,,,,,,,,,,,,8DX6R
t,MNSLIKENMRMMVVMEGSVNGYQFKCTGEGDGNPYMGTQTMRIKVVEGGPLPFAFDILATSFMYGSKTFIKHTKGIPDFFKQSFPEGFTWERVTRYEDGGVFTVMQDTSLEDGCLVYHAKVTGVNFPSNGAVMQKKTKGWEPSTEMLYPADGGLRGYSQMALNVDGGGYLFCSFETTYRSKKTDENFKMPGFHFVDHRLERLEESDKEMFVVQHEHAVAKFCDLPSKLGRL,rfp618,,618,560,,,360,default,,0.35,rfp618_default,,,,,,,,,,,,,,,,,,,,,,,,,,,,,,,35N2E
t,MNSLIKENMRMMVVMEGSVNGYQFKCTGEGDGNPYMGTQTMRIKVVEGGPLPFAFDILATSFMYGSKTFIKHTKGIPDFFKQSFPEGFTWERVTRYEDGGVFTVMQDTSLEDGCLVYHAKVTGVNFPSNGAVMQKKTKGWEPSTEMLYPADGGLRGYSQMALNVDGGGYLSCSFETTYRSKKTVENFKMPGFHFVDHRLERLEESDKEMFVVQHEHAVAKFCDLPSKLGRL,rfp630,17.5,630,583,50000,,,default,,0.35,rfp630_default,,,,,,,,,,,,,,,,,,,,,,,,,,,,,,,296AF
t,MNSLIKENMRMMVVMEGSVNGYQFKCTGEGDGNPYMGTQTMRIKVVEGGPLPFAFDILATSFMYGSKTFIKHTKGIPDFFKQSFPEGFTWERVTRYEDGGVFTVMQDTSLEDGCLVYHAKVTGVNFPSNGAVMQKKTKGWEPSTEMLYPADGGLRGYAQMALNVDGGGYLFCSFETTYRSKKTDENFKMPGFHFVDHRLERLEESDKEMFVVQHEHAVAKFCDLPSKLGRL,rfp637,16.56,637,587,72000,,480,default,,0.23,rfp637_default,,,,,,,,,,,,,,,,,,,,,,,,,,,,,,,QVF1F
t,MNSLIKENMRMMVVMEGSVNGYQFKCTGEGDGNPYMGTQTMRIKVVEGGPLPFAFDILATSFMYGSKTFIKHTKGIPDFFKQSFPEGFTWERVTRYEDGGVFTVMQDTSLEDGCLVYHAKVTGVNFPSNGAVMQKKTKGWEPSTEMLYPADGGLRGYCQMALNVDGGGYLFCSFETTYRSKKTDENFKMPGFHFVDHRLERLEESDKEMFVVQHEHAVAKFCDLPSKLGRL,rfp639,12.42,639,588,69000,,90,default,,0.18,rfp639_default,,,,,,,,,,,,,,,,,,,,,,,,,,,,,,,B3LN6
m,MVSKGEEDNMAIIKEFMRFKVHMEGSVNGHEFEIEGEGEGRPYEGTQTAKLKVTKGGPLPFAWDILSPQFMYGSKAYVKHPADIPDYLKLSFPEGFKWERVMNFEDGGVVTVTQDSSLQDGEFIYKVKLRGTNFPSDGPVMQKKTMGWVASSERMYPEDGALKGESKQRLKLKDGGHYDAEFWTTYKAKKPVQLPGAYNVNIKLDITSHNEDYTIVEQYERAEGRHSTGGMDELYK,rscherry,1.6,610,572,80000,,,On,,0.02,rscherry_on,,,,,,,Off,,,rscherry_off,,,,,,,,,,,,,,,,,,,,,Q8AAM
m,MVSKGEEDNMAIIKEFMRFKVHMEGSVNGHEFEIEGEGEGRPYEGTQTAKLKVTKGGPLPFAWDILSPQFMYGSKAYVKHPADIPDYLKLSFPEGFKWERVMNFEDGGVVTVTQDSSLQDGEFIYKVKLRGTNFPSDGPVMQKKTMGWVACSERMYPEDGALKGESKMRLKLKDGGHYDAEFKTTYKAKKPVQLPGAYNVNIKLDITSHNEDYTIVEQYERAEGRHSTGGMDELYK,rscherryrev,0.42,608,572,84000,,,On,,0.005,rscherryrev_on,,,,,,,Off,,,rscherryrev_off,,,,,,,,,,,,,,,,,,,,,45EFN
d,MVSKGEEDNMAIIKEFMRFKVHMEGSVNCHEFEIEGEGEGHPYEGTQTAKLKVTKGGPLPFAWDILSPQFMYGSKAYVKHPADIPDYLKLSFPEGFKWERVMNFEDGGVVTVTQDSSLQDGEFIYKVKLCGTNFPSDGPVMQKKTMGWFACSEQMYPEDGALKGLSKMRLKLKDGGHYDAEFKTTYKAKKPVQLPGAYNVNIKLDITSHNEDYTIVEQYERAEGRHSTGGMDELYK,rscherryrev14,,609,572,,,,On,,,rscherryrev14_on,,,,,,,Off,5.5,,rscherryrev14_off,,,,,,,,,,,,,,,,,,,,,1GO7S
m,MVSELIKENMPMKLYMEGTVNNHHFKCTSEGEGKPYEGTQTMRIKVVEGGPLPFAFDILATSFMYGSRTFIKHPPGIPDFFKQSFPEGFTWERVTTYEDGGVLTATQDTSLQDGCLIYNVKVRGVNFPANGPVMQKKTLGWEATTETMYPADGGLEGACDMALKLVGGGHLICNLETTYRSKKPATNLKMPGVYNVDHRLERIKEADDETYVEQHEVAVARYSTGGAGDGGK,rsfusionred1,8.24,605,577,82400,,65,On,4.6,0.1,rsfusionred1_on,,,,,,,Off,,,rsfusionred1_off,,,,,,,,,,,,,,,,,,,,,77HQK
m,MVSELIKENMPMKLYMEGTVNNHHFKCTSEGEGKPYEGTQTMRIKVVEGGPLPFAFDILATSFMYGSKTFIKHPPGIPDFFKQSFPEGFTWERVTTYEDGGVLTATQDTSLQDGCLIYNVKVRGVNFPANGPVMQKKTLGWEAHTETMYPADGGLEGACDMALKLVGGGHLICNLETTYRSKKPATNLKMPGVYNVDHRLERIKEADDETYVEQHEVAVARYSTGGAGDGGK,rsfusionred2,4.26,607,580,35500,,30,On,4.7,0.12,rsfusionred2_on,,,,,,,Off,,,rsfusionred2_off,,,,,,,,,,,,,,,,,,,,,9EUJH
m,MVSELIKENMPMKLYMEGTVNNHHFKCTSEGEGKPYEGTQTMRIKVVEGGPLPFAFDILATSFMYGSKTFIKHPPGIPDFFKQSFPEGFTWERVTTYEDGGVLTATQDTSLQDGCLIYNVKVRGVNFPANGPVMQKKTLGWEAHTETMYPADGGLEGACDMALKLVGGGHLIANLETTYRSKKPATNLKMPGVYNVDHRLERIKEADDETYVEQHEVAVARYSTGGAGDGGK,rsfusionred3,3.04,607,580,38000,,25,On,4.7,0.08,rsfusionred3_on,3.04,607,580,38000,,25,On,4.7,0.08,rsfusionred3_on,,,,,,,,,,,,,,,,,,,,,13ANW
m,MVSKGEELIKENMHMKLYMEGTVNNHHFKCTSEGEGKPYEGTQTMRIKVVEGGPLPFAFDILATSFMYGSRTFINHTQGIPDFWKQSFPEGFTWERVTTYEDGGVLTATQDTSLQDGCLIYNVKLRGVNFPSNGPVMQKKTLGWEAATEMLYPADGGLEGRGDMALKLVGGGHLICNLKTTYRSKNPAKNLKMPGVYFVDHRLERIKEADKETYVEQHEVAVARYCDLPSKLGHKLN,rstagrfp,4.05,585,567,36800,,,ON,6.6,0.11,rstagrfp_on,4.05,585,567,36800,,,ON,6.6,0.11,rstagrfp_on,,,,,,,,,,,,,,,,,,,,,3FC3D
t,MSAIKTVVKQFMKIKMSLEGTVNGHYFKIVGEGDGTPFEGKQTLHLKVKEGAPLPFAYDILTTALHYGNRVFVEYPENIPDYFKQSFPKGYSWERSLTFEDGGICIARSDIKMVGDTFHNEVQFYGVNFPANGPVMQRHTVKWEPSTEKIYVRDGVLTGDITMALLLKGGTHYRCDFRTTYKAKEKGPKFPGYHLVDHCIEITSHDKDYNVVELYEHAVAHSGLPDSANR,scubrfp,39.84,578,570,66400,,,default,,0.6,scubrfp_default,,,,,,,,,,,,,,,,,,,,,,,,,,,,,,,AJCVH
m,MGSEVGPALFQRDMTFKIFIDGEVNGQKFTIVADGSSKFPHGDFNVHAVCETGKLPMSWKPICHLIQYGEPFFARYPDGISHFAQECFPEGLSIDRTVRFENDGTMTSHHTYELDDTCVVSRITVNCDGFQPDGPIMRDQLVDILPSETHMFPHGPNAVRQTATIGFTTADGGKMMGHFDSKMTFNGSRAIEIPGPHFVTIITKQTRDTSDKRDHVCQREVAYAHSVPRITSAIGSDED,supernova2,,610,579,45,,,SuperNova2,,,supernova2_supernova2,,,,,,,,,,,,,,,,,,,,,,,,,,,,,,,NRHQ2
m,MEVGPALFQSDMTFKIFIDGEVNGQKFTIVADGSSKFPHGDFNVHAVCETGKLPMSWKPICHLIQYGEPFFARYPDGISHFAQECFPEGLSIDRTVRFENDGTMTSHHTYELDDTCVVSRITVNCDGFQPDGPIMRDQLVDILPSETHMFPHGPNAVRQTATIGFTTADGGKMMGHFDSKMTFNGSRAIEIPGPHFVTIITKQTRDTSDKRDHVCQREVAYAHSVPRITSAIGSDED,supernova-red,13.5,610,579,45000,,,default,,0.3,supernova_default,,,,,,,,,,,,,,,,,,,,,,,,,,,,,,,6EEUG
m,MVSKGEELIKENMHMKLYMEGTVNNHHFKCTSEGEGKPYEGTQTMRIKVVEGGPLPFAFDILATSFMYGSRTFINHTQGIPDFFKQSFPEGFTWERVTTYEDGGVLTATQDTSLQDGCLIYNVKIRGVNFPSNGPVMQKKTLGWEANTEMLYPADGGLEGRTVMALKLVGGGHLICNFKTTYRSKKPAKNLKMPGVYYVDHRLERIKEADKETYVEQHEVAVARYCDLPSKLGHKLNGMDELYK,super-tagrfp,59.89,579,555,113000,,,default,,0.53,super-tagrfp_default,,,,,,,,,,,,,,,,,,,,,,,,,,,,,,,QJV5C
wd,MSELIKENMHMKLYMEGTVNNHHFKCTSEGEGKPYEGTQTMRIKVVEGGPLPFAFDILATSFMYGSRTFINHTQGIPDFFKQSFPEGFTWERVTTYEDGGVLTATQDTSLQDGCLIYNVKIRGVNFPSNGPVMQKKTLGWEANTEMLYPADGGLEGRSDMALKLVGGGHLICNFKTTYRSKKPAKNLKMPGVYYVDHRLERIKEADKETYVEQHEVAVARYCDLPSKLGHK,tagrfp,48,584,555,100000,2.3,100,default,3.8,0.48,tagrfp_default,,,,,,,,,,,,,,,,,,,,,,,,,,,,,,,S4HC8
m,MSELITENMHMKLYMEGTVNNHHFKCTSEGEGKPYEGTQTQRIKVVEGGPLPFAFDILATSFMYGSHTFINHTQGIPDFWKQSFPEGFTWERVTTYEDGGVLTATQDTSLQDGCLIYNVKIRGVNFPSNGPVMQKKTLGWEAHTEMLYPADGGLEGRTALALKLVGGGHLICNFKTTYRSKKPAKNLKMPGVYYVDYRLERIKEADKETYVEQHEVAVARYCDLPSKLGHKLN,tagrfp657,3.4,657,611,34000,,125,default,5,0.1,tagrfp657_default,,,,,,,,,,,,,,,,,,,,,,,,,,,,,,,C2N5S
m,MSELIKENMHMKLYMEGTVNNHHFKCTSEGEGKPYEGTQTQRIKVVEGGPLPFAFDILATSFMYGSHTFIDHTQGIPDFWKQSFPEGFTWERVTTYEDGGVLTATQDTSLHDGCLIYNVKIRGVNFPSNGPVMQKKTLGWEAHTEMLYPTDGGLEGRTALALKLVGGGHLICNFKTIYRSKKPAKNLKMPGVYYVDYRLERIEEADNETYVEQHEVAVARYCDLPTKLGHKLN,tagrfp658,4.12,658,611,41200,,,default,4.6,0.1,tagrfp658_default,,,,,,,,,,,,,,,,,,,,,,,,,,,,,,,AJJAK
m,MSELIKENMHMKLYMEGTVNNHHFKCTSEGEGKPYEGTQTQRIKVVEGGPLPFAFDILATSFMYGSKTFINHTQGIPDFWKQSFPEGFTWERVTTYEDGGVLTATQDTSLQDGCLIYNVKIRGVNFPSNGPVMQKKTLGWEANTEMMYPADGGLEGRNYMALKLVGGGHLICSLKTTYRSKKPAKNLKMPGVYYVDRRLERIKEADKETYVEQHEVAVARYCDLPSKLGHKLN,tagrfp675,3.68,675,598,46000,0.9,25,default,5.7,0.08,tagrfp675_default,,,,,,,,,,,,,,,,,,,,,,,,,,,,,,,NLF4R
m,MVSKGEELIKENMHMKLYMEGTVNNHHFKCTSEGEGKPYEGTQTMRIKVVEGGPLPFAFDILATSFMYGSRTFINHTQGIPDFFKQSFPEGFTWERVTTYEDGGVLTATQDTSLQDGCLIYNVKIRGVNFPSNGPVMQKKTLGWEANTEMLYPADGGLEGRTDMALKLVGGGHLICNFKTTYRSKKPAKNLKMPGVYYVDHRLERIKEADKETYVEQHEVAVARYCDLPSKLGHKLNGMDELYK,tagrfp-t,33.21,584,555,81000,2.3,100,default,4.6,0.41,tagrfp-t_default,,,,,,,,,,,,,,,,,,,,,,,,,,,,,,,LF3LJ
td,MSELIKENMHMKLYMEGTVNNHHFKCTSEGEGKPYEGTQTMKIKVVEGGPLPFAFDILATSFMYGSKTFINHTQGIPDFFKQSFPEGFTWERITTYEDGGVLTATQDTSLQNGCIIYNVKINGVNFPSNGSVMQKKTLGWEANTEMLYPADGGLRGHSQMALKLVGGGYLHCSFKTTYRSKKPAKNLKMPGFHFVDHRLERIKEADKETYVEQHEMAVAKYCDLPSKLGHR,tdkatushka2,49.02,633,588,132500,,,default,5.4,0.37,tdkatushka2_default,,,,,,,,,,,,,,,,,,,,,,,,,,,,,,,1L4BP
d,MNSLIKENMRMMVVMEGSVNGYQFKCTGEGDGNPYMGTQTMRIKVVEGGPLPFAFDVLATSFMYGSKTFIKHTKGIPDFFKQSFPEGFTWERVTRYEDGGVITVMQDTSLEDGCLVYHAKVRGVNFPSNGAVMQKKTKGWEPNTEMLYPADGGLRGYSQMALNVDGGGYLFCSFETTYRSKKTDENFKMPGFHFVDHRLERLEESDKEMFVVQHEHAVAKFCDLPSKLGRL,td-rfp611,32.9,609,558,70000,,225,default,,0.47,td-rfp611_default,,,,,,,,,,,,,,,,,,,,,,,,,,,,,,,GHNRL
d,MNSLIKENMRMMVVMEGSVNGYQFKCTGEGDGNPYMGTQTMRIKVVEGGPLPFAFDILATSFMYGSKTFIKHTKGIPDFFKQSFPEGFTWERVTRYEDGGVFTVMQDTSLEDGCLVYHAKVRGVNFPSNGAVMQKKTKGWEPSTEMLYPADGGLRGYCQMALNVDGGGYLFCSFETTYRSKKTDENFKMPGFHFVDHRLERLEESDKEMFVVQHEHAVAKFCDLPSKLGRL,td-rfp639,14.46,631,589,90400,,480,default,,0.16,td-rfp639_default,,,,,,,,,,,,,,,,,,,,,,,,,,,,,,,A77ZH
d,MSELIKENMHMKLYMEGTVNNHHFKCTSEGEGKPYEGTQTMKIKVVEGGPLPFAFDILATSFMYGSKAFINHTQGIPDFFKQSFPEGFTWERITTYEDGGVLTATQDTSFQNGCIIYNVKINGVNFPSNGPVMQKKTRGWEANTEMLYPADGGLRGHSQMALKLVGGGYLHCSFKTTYRSKKPAKNLKMPGFHFVDHRLERIKEADKETYVEQHEMAVAKYCDLPSKLGHR,turborfp,61.64,574,553,92000,,90,default,4.4,0.67,turborfp_default,,,,,,,,,,,,,,,,,,,,,,,,,,,,,,,AHNXC
m,MSVIATQMTYKVYMSGTVNGHYFEVEGDGKGRPYEGEQTVKLTATKGGPLPFAWDILSPQCQYGSIPFTKYPEDIPDYVKQSFPEGFTWERIMNFEDGAVCTVSNDSSIQGNCFTYHVKFRGTNFPPNGPVMQKKTQGWEPNSERLFARGGMLIGNNRMALKLEGGGHYLCEFKTTYKAKKPVKMPGYHYVDRKLDVTNHNKDYTSVEQCEISIARKPVVA,ultramarine,0.06,626,586,64000,1.6,216,default,,0.001,ultramarine_default,,,,,,,,,,,,,,,,,,,,,,,,,,,,,,,3F18R
m,MALSKQYIPDDMELIFHMDGCVNGHYFTIVATGKAKPYEGKQNLKATVTKGAPLPFSTDILSTVMHYGNRCIVHYPPGILDYFKQSFPEGYSWERTFAFEDGGFCTASADIKLKDNCFIHTSMFHGTNFPADGPVMQRKTIQWEKSIEKMTVSDGIVKGDITMFLLLEGGGKYRCQFHTSYKAKKVVEMPQSHYVEHSIERTNDDGTQFELNEHAVARLNEI,v127t-saasoti,,589,579,24000,,,Red,,,v127t-saasoti_red,,589,579,24000,,,Red,,,v127t-saasoti_red,,,,,,,,,,,,,,,,,,,,,1U9ZJ
,MAHSKHGLTDDMTMHFRMEGCVDGHKFVIEGNGNGNPFKGKQFINLCVIEGGPLPFSEDILSAAFDYGNRLFTEYPEGIVDYFKNSCPAGYTWHRSFRFEDGAVCICSADITVNVRENCIYHESTFYGVNFPADGPVMKKMTTNWEPSCEKIIPINSQKILKGDVSMYLLLKDGGRYRCQFDTIYKAKTEPKEMPDWHFIQHKLNREDRSDAKNQKWQLIEHAIASRSALP,zoan2rfp,,576,552,,,,default,,,zoan2rfp_default,,,,,,,,,,,,,,,,,,,,,,,,,,,,,,,HGZ48
