agg,doi,genbank,ipg_id,name,pdb,pdb.0,pdb.1,pdb.10,pdb.2,pdb.3,pdb.4,pdb.5,pdb.6,pdb.7,pdb.8,pdb.9,seq,slug,states.0.brightness,states.0.em_max,states.0.ex_max,states.0.ext_coeff,states.0.lifetime,states.0.maturation,states.0.name,states.0.pka,states.0.qy,states.0.slug,states.1.brightness,states.1.em_max,states.1.ex_max,states.1.ext_coeff,states.1.lifetime,states.1.maturation,states.1.name,states.1.pka,states.1.qy,states.1.slug,states.2.brightness,states.2.em_max,states.2.ex_max,states.2.ext_coeff,states.2.lifetime,states.2.maturation,states.2.name,states.2.pka,states.2.qy,states.2.slug,states.3.brightness,states.3.em_max,states.3.ex_max,states.3.ext_coeff,states.3.lifetime,states.3.maturation,states.3.name,states.3.pka,states.3.qy,states.3.slug,switch_type,transitions.0.from_state,transitions.0.to_state,transitions.0.trans_wave,transitions.1.from_state,transitions.1.to_state,transitions.1.trans_wave,transitions.2.from_state,transitions.2.to_state,transitions.2.trans_wave,transitions.3.from_state,transitions.3.to_state,transitions.3.trans_wave,transitions.4.from_state,transitions.4.to_state,transitions.4.trans_wave,uniprot,uuid
,10.1101/677344,,,AausFP2,,,,,,,,,,,,,MACGALLFKGKIPFVVELEGDVNGEVFSVRGNGWGDGSTGKLEIKFVCTTGEVPLAWESLICSMAYGALVFCKYPSNINDFFKSTMPRGYIQERKISYENDGTFDVRQEVTYENGALYNRVKFNGSGFRKDGNVLGKKLDLTSIGTCIYIMGNDEGTGLKGVFNKAFKVIGGNRQIASHVQTQTPIGDGLVSIPDYHVMHNHIACSKDPSETRDHIIVKESLRAVDCNTEYM,aausfp2,,,609,52000,,,default,6,,aausfp2_default,,,,,,,,,,,,,,,,,,,,,,,,,,,,,,,b,,,,,,,,,,,,,,,,,UHNQV
,10.1101/677344,,,AausFP3,,,,,,,,,,,,,MACGALLFKGKIPFVVELEGDVNGEVFSVRGNGWGDGSTGKIEIKFVCTTGEIPVAWESLVCSLAYGALVFAKYPSNINDFFKSTMPKGYIQERNIQFENDGQYVTRAEVTYENGTLYNRVKLNGSGFRKDGNILGKKLDSTSLGTCIYIMGNDQGNGLKGVYNKAYKVIGGNRQLASHQQTHTPIGDGLVSIPDYHVMHNHIACSKDPSETRDHIIVKESLRAVDCNTEYM,aausfp3,,,587,59000,,,default,6.5,,aausfp3_default,,,,,,,,,,,,,,,,,,,,,,,,,,,,,,,b,,,,,,,,,,,,,,,,,OEVJT
t,10.1002/pro.3540,,,AdRed,,6AA7,,,,,,,,,,,MALSKHGLTKDMTMKYRMEGCVDGHKFVITGHGNGSPFEGKQTINLCVVEGGPLPFSEDILSAVFDYGNRVFTDYPQGMVDFFKNSCPAGYTWQRSLLFEDGAVCTASADITVSVEENCFYHESKFHGVNFPADGPVMKKMTINWEPCCEKIIPVPRQGILKGDVAMYLLLKDGGRYRCQFDTVYKAKTDSKKMPEWHFIQHKLTREDRSDAKNQKWQLAEHSVASRSALP,adred,,612,567,,,,default,4,,adred_default,,,,,,,,,,,,,,,,,,,,,,,,,,,,,,,b,,,,,,,,,,,,,,,,A0A1S7IWI8,DAH3B
,10.1002/pro.3540,,,AdRed-C148S,,,,,,,,,,,,,MALSKHGLTKDMTMKYRMEGCVDGHKFVITGHGNGSPFEGKQTINLCVVEGGPLPFSEDILSAVFDYGNRVFTDYPQGMVDFFKNSCPAGYTWQRSLLFEDGAVCTASADITVSVEENCFYHESKFHGVNFPADGPVMKKMTINWEPSCEKIIPVPRQGILKGDVAMYLLLKDGGRYRCQFDTVYKAKTDSKKMPEWHFIQHKLTREDRSDAKNQKWQLAEHSVASRSALP,adred-c148s,,599,560,,,,default,,,adred-c148s_default,,,,,,,,,,,,,,,,,,,,,,,,,,,,,,,b,,,,,,,,,,,,,,,,,THMOX
t,10.1002/jemt.20410,AAU06852,3620742,amilFP593,,,,,,,,,,,,,MALSKHGLTKDMTMKYHMEGSVDGHKFVITGHGNGNPFEGKQTMNLCVVEGGPLPFSEDILSAAFDYGNRVFTEYPQGMVDFFKNSCPAGYTWHRSLLFEDGAVCTTSADITVSVEENCFYHNSKFHGVNFPADGPVMKKMTTNWEPSCEKIIPVPRQGILKGDIAMYLLLKDGGRYRCQFDTIYKAKSDPKEMPEWHFIQHKLTREDRSDAKNQKWQLVEHAVASRSALPG,amilfp593,44.54,593,562,90900,,,default,,0.49,amilfp593_default,,,,,,,,,,,,,,,,,,,,,,,,,,,,,,,b,,,,,,,,,,,,,,,,Q66PV2,VDDDT
t,10.3354/meps07588,ACH89429,15616243,amilFP597,,,,,,,,,,,,,MALSKHGLTKDMTMKYHMEGSVDGHKFVITGHGNGNPFEGKQTVNLCVAEGGPLPFSEDILSAAFDYGNRVFTEYPQGMVDFFKNSCPAGYTWHRSLLFEDGAVCTTSADITVSVEENCFYHNSKFHGVNFPADGPVMKKMTTNWEPSCEKIIPVPRQGILKGDIAMYLLLKDGGRYRCQFDTIYKAKSDPKEMPEWHFIQHKLTREDRSDAKNQKWQLVEHAVASRSALPG,amilfp597,,597,558,,,,default,,,amilfp597_default,,,,,,,,,,,,,,,,,,,,,,,,,,,,,,,b,,,,,,,,,,,,,,,,B5T1L5,2YKB1
m,10.1093/molbev/msh079,AAR85352,1978504,anm2CP,,,,,,,,,,,,,MEGGPALFQSDMTFKIFIDGVVNDQKFTIIADGSSKFPHGDFNVHAVCETGKLPMSWKPICHLIQYGEPFFAKYPNGISHFAQECFPEGLTIDRTVRFENDGTMTSHHTYELDGTCVISRITVNCDGFQPDGPIMKDQLVDILPTETHMFPHGSNAVRQLCYIGFTTADGGLMMSHFDSKLTFNGSRAIKIPGPHFVTVIIKQMKDTSDKRDHVCQREVTYAHSVPRITSAI,anm2cp,0.12,597,572,120000,,,default,,0.001,anm2cp_default,,,,,,,,,,,,,,,,,,,,,,,,,,,,,,,b,,,,,,,,,,,,,,,,Q6RYS4,SEJPD
,10.1042/bj20051314,,,AQ14,,,,,,,,,,,,,MASLVTEDMCIKMTMEGTVNGHHFKCVGEGEGKPFEGTQVEKIRITEGGPLPFAYDILAPCCMYGSKTFIKHVSGIPDYFKESFPEGFTWERTQIFEDGGSLTIHQDTSLQGNNFIFKVNVIGANFPANGPVMQKKTAGWEPSVEILYPRDGVLCGQALMALKCTDGNHLTSHLRTTYRSRKPSNAVNMPEFHFGDHRIEILKAEQGKFYEQYESAVARYCEAAPSKLGHH,aq14,,663,590,,,,default,,,aq14_default,,,,,,,,,,,,,,,,,,,,,,,,,,,,,,,b,,,,,,,,,,,,,,,,,WBK4U
t,10.1042/bj20051314,,,AQ143,,,,,,,,,,,,,MAPLVTEDMCIKMTMEGTINGHHFKCVGEGEGKPFEGTQVEKIRITEGGPLPFAYDILAPCCMYGSKTFIKHVSGIPDYFKESFPEGFTWERTQIFEDGGSLTIHQDTSLQGNNFIFKVNVIGANFPANGPVMQKKTAGWEPSVEILYPRDGVLCGQALMALKCTDGDHLTSHLRTTYRSRKPSNAVNMPEFHFGDHRIEILKAEQGKFYEQYESAVARYCEAAPSKLGHH,aq143,3.6,655,595,90000,,,default,,0.04,aq143_default,,,,,,,,,,,,,,,,,,,,,,,,,,,,,,,b,,,,,,,,,,,,,,,,,GW5EB
t,10.1073/pnas.97.26.14091,AAG41206,1236053,asCP562,,,,,,,,,,,,,MASFLKKTMPFKTTIEGTVNGHYFKCTGKGEGNPFEGTQEMKIEVIEGGPLPFAFHILSTSCMYGSKTFIKYVSGIPDYFKQSFPEGFTWERTTTYEDGGFLTAHQDTSLDGDCLVYKVKILGNNFPADGPVMQNKAERWEPATEILYEVDGVLRGQSLMALKCPGGRHLTCHLHSTYRSKKPASALKMPGFHFGDHRIEIMEEVEKGKCYKQYEAAVARYCDAAPSKLGHH,ascp562,,595,562,,,,default,,,ascp562_default,,,,,,,,,,,,,,,,,,,,,,,,,,,,,,,b,,,,,,,,,,,,,,,,Q9GPI5,3NV4W
t,10.1042/bj20051314,,,AsRed2,,,,,,,,,,,,,MASLLKKTMPFRTTIEGTVNGHYFKCTGKGEGNPLEGTQEMKIEVIEGGPLPFAFHILSTSCMYGSKAFIKYVSGIPDYFKQSLPEGFTWERTTTYEDGGFLTAHQDTSLDGDCLVYKVKILGNNFPADGPVMQNKAGRWEPSTEIVYEVDGVLRGQSLMALECPGGRHLTCHLHTTYRSKKPASALKMPGFHFEDHRIEILEEVEKGKCYKQYEAAVGRYCDAAPSKLGH,asred2,2.81,592,576,56200,,,default,,0.05,asred2_default,,,,,,,,,,,,,,,,,,,,,,,,,,,,,,,b,,,,,,,,,,,,,,,,,8TL1P
,10.1073/pnas.062552299,AAG02385,514601,asulCP,,1XQM,,,,,,,,,,,MASFLKKTMPFKTTIEGTVNGHYFKCTGKGEGNPFEGTQEMKIEVIEGGPLPFAFHILSTSCMYGSKTFIKYVSGIPDYFKQSFPEGFTWERTTTYEDGGFLTAHQDTSLDGDCLVYKVKILGNNFPADGPVMQNKAGRWEPATEIVYEVDGVLRGQSLMALKCPGGRHLTCHLHTTYRSKKPASALKMPGFHFEDHRIEIMEEVEKGKCYKQYEAAVGRYCDAAPSKLGHN,asulcp,,595,572,,,,default,,,asulcp_default,,,,,,,,,,,,,,,,,,,,,,,,,,,,,,,b,,,,,,,,,,,,,,,,Q9GZ28,M3FBS
m,10.1101/2020.03.30.015156,LC085679,,AzaleaB5,,,,,,,,,,,,,MENVRRKTGIQTEMKTKLHMDGMVNGHSFEIKGEGKGSPYEGVQTMKLKVTKGAPLPFSIDILLPQCMYGSKPFIKYPENIPDYLKLSFPEGITWERTMTFEDGAVCDVSNDSRLVGNCFIYTVKFQGVNFPLDGPVMQKKTRGWEPSTEVLYECDGWMRGLVDIALKLENGGHYMCNFKTTYKSKKGLEVPPYHFVDHKLDLLSHNTDGATFEEFEQGEIAHAHLSKLA,azaleab5,60.32,596,574,104000,,,default,,0.58,azaleab5_default,,,,,,,,,,,,,,,,,,,,,,,,,,,,,,,b,,,,,,,,,,,,,,,,,886AH
d,10.1002/cbic.201800695,,,BDFP2.0,,,,,,,,,,,,,MVSKGEEDNMAIIKEFMRFKVHMEGSVNGHEFEIEGEGEGRPYEGTQTAKLKVTKGGPLPFAWDILSPQFMYGSKAYVKHPADIPDYLKLSFPEGFKWERVMNFEDGGVVTVTQDSSLQDGEFIYKVKLRGTNFPSDGPVMQKKTMGWEASSERMYPEDGALKGEIKQRLKLKDGGHYDAEVKTTYKAKKPVQLPGAYNVNIKLDITSHNEDYTIVEQYERAEGRHSTGGMDELYKGHGTGSGSTGSGGMANREVVETLKELLADGEKRVQVAGVIGTNAAEVVKTAVSLLFQEYPELVSPGGCAYTTRRYNMCVRDMNYFLRMCSYAIVAGGASVLDGRMLAGFRDTFNSLGIPLCPAARGIQLMKKIVKEKLATAGMTNIAFVDEPFDYIARVISETEI,bdfp20,,666,587,,,,Fret,,,bdfp20_fret,,,,,,,,,,,,,,,,,,,,,,,,,,,,,,,b,,,,,,,,,,,,,,,,,P9XBV
t,10.1007/s10126-007-9072-7,AAZ67342,4620339,ccalRFP1,,,,,,,,,,,,,MSLSKQVLPRDVKMRYHMDGCVNGHQFIIEGEGTGKPYEGKKILELRVTKGGPLPFAFDILSSVFTYGNRCFCEYPEDMPDYFKQSLPEGHSWERTLMFEDGGCGTASAHISLDKNCFVHKSTFHGVNFPANGPVMQKKTLNWEPSSELITAGDGILKGDVTMFLMLEGGHRLKCQFTTSYKAKKAVKMPPNHIIEHRLVRKEVADAVQIQEHAVAKHFIV,ccalrfp1,54.28,598,568,92000,,,default,,0.59,ccalrfp1_default,,,,,,,,,,,,,,,,,,,,,,,,,,,,,,,b,,,,,,,,,,,,,,,,Q2VTM9,T44E8
m,10.1371/journal.pone.0037551,,,cgfmKate2,,,,,,,,,,,,,MVSELIKENMHMKLYMEGTVNNHHFKATSEGEGKPYEGTQTMRIKAVEGGPLPFAFDILATSFMYGSKTFINHTQGIPDFFKQSFPEGFTWERVTTYEDGGVLTATQDTSLQDGMLIYNVKIRGVNFPSNGPVMQKKTLGWEASTETLYPADGGLEGRADMALKLVGGGHLIANLKTTYRSKKPAKNLKMPGVYYVDRRLERIKEADKETYVEQHEVAVARYSDLPSKLGHR,cgfmkate2,25.85,628,584,55000,,,default,4.6,0.47,cgfmkate2_default,,,,,,,,,,,,,,,,,,,,,,,,,,,,,,,b,,,,,,,,,,,,,,,,,2D7XF
,10.1371/journal.pone.0037551,,,cgfTagRFP,,,,,,,,,,,,,MSELIKENMHMKLYMEGTVNNHHFKATSEGEGKPYEGTQTMRIKVVEGGPLPFAFDILATSFMYGSRTFINHTQGIPDFFKQSFPEGFTWERVTTYEDGGVLTATQDTSLQDGMLIYNVKIRGVNFPSNGPVMQKKTLGWEANTEMLYPADGGLEGRSDMALKLVGGGHLIVNFKTTYRSKKPAKNLKMPGVYYVDHRLERIKEADKETYVEQHEVAVARYSDLPSKLGHK,cgftagrfp,45.9,585,556,90000,,,default,2.9,0.51,cgftagrfp_default,,,,,,,,,,,,,,,,,,,,,,,,,,,,,,,b,,,,,,,,,,,,,,,,,G9U12
m,10.1371/journal.pone.0020505,,,cp-mKate,,3RWA,,,,,,,,,,,GHLICNLKTTYRSKKPAKNLKMPGVYYVDRRLERIKEADKETYVEQHEVAVARYCDLPSKLGHAGGTGGSMSELITENMHMKLYMEGTVNNHHFKCTSEGEGKPYEGTQTMRIKVVEGGPLPFAFDILATSFMYGSKTFINHTQGIPDFFKQSFPEGFTWERVTTYEDGGVLTATQDTSLQDGCLIYNVKIRGVNFPSNGPVMQKKTLGWEASTEMLYPADGGLEGRSDMALKLV,cp-mkate,,620,588,,,,default,,0.33,cp-mkate_default,,,,,,,,,,,,,,,,,,,,,,,,,,,,,,,b,,,,,,,,,,,,,,,,,2EM4B
d,10.1073/pnas.0403668101,,,d1EosFP,,,,,,,,,,,,,MSAIKPDMKINLRMEGNVNGHHFVIDGDGTGKPFEGKQSMDLEVKEGGPLPFAFDILTTAFHYGNRVFAEYPDHIQDYFKQSFPKGYSWERSLTFEDGGICIARNDITMEGDTFYNKVRFHGTNFPANGPVMQKKTLKWEPSTEKMYVRDGVLTGDITMALLLEGNAHYRCDFRTTYKAKEKGVKLPGYHFVDHCIEILSHDKDYNKVKLYEHAVAHSGLPDNARR,d1eosfp,50.86,516,505,74800,,,Green,,0.68,d1eosfp_green,24.8,581,571,40000,,,Red,,0.62,d1eosfp_red,,,,,,,,,,,,,,,,,,,,,pc,d1eosfp_green,d1eosfp_red,405,,,,,,,,,,,,,,YLRRG
d,10.1073/pnas.0403668101,,,d2EosFP,,,,,,,,,,,,,MSAIKPDMKINLRMEGNVNGHHFVIDGDGTGKPFEGKQSMDLEVKEGGPLPFAFDILTTAFHYGNRVFAEYPDHIQDYFKQSFPKGYSWERSLTFEDGGICIARNDITMEGDTFYNKVRFHGVNFPANGPVMQKKTLKWEPSTEKMYVRDGVLTGDIHMALLLEGNAHYRCDFRTTYKAKEKGVKLPGYHFVDHCIEILSHDKDYNKVKLYEHAVAHSGLPDNARR,d2eosfp,55.44,516,506,84000,,,Green,,0.66,d2eosfp_green,19.8,581,569,33000,,,Red,,0.6,d2eosfp_red,,,,,,,,,,,,,,,,,,,,,pc,d2eosfp_green,d2eosfp_red,405,,,,,,,,,,,,,,1SEDF
m,10.1038/nbt1191,,,Dendra,,,,,,,,,,,,,MNLIKEDMRVKVHMEGNVNGHAFVIEGEGKGKPYEGTQTANLTVKEGAPLPFSYDILTTAVHYGNRVFTKYPEDIPDYFKQSFPEGYSWERTMTFEDKGICTIRSDISLEGDCFFQNVRFKGTNFPPNGPVMQKKTLKWEPSTEKLHVRDGLLVGNINMALLLEGGGHYLCDFKTTYKAKKVVQLPDAHFVDHRIEILGNDSDYNKVKLYEHAVARYSPLPSQAW,dendra,14.7,505,488,21000,,,Green,6.6,0.7,dendra_green,14.4,575,556,20000,,,Red,6.9,0.72,dendra_red,,,,,,,,,,,,,,,,,,,,,pc,dendra_green,dendra_red,405,,,,,,,,,,,,,,GJDTN
m,10.1021/jacs.5b09923,,,Dendra2-T69A,,,,,,,,,,,,,MNTPGINLIKEDMRVKVHMEGNVNGHAFVIEGEGKGKPYEGTQTANLTVKEGAPLPFSYDILTTAVHYGNRVFAKYPEDIPDYFKQSFPEGYSWERTMTFEDKGICTIRSDISLEGDCFFQNVRFKGTNFPPNGPVMQKKTLKWEPSTEKLHVRDGLLVGNINMALLLEGGGHYLCDFKTTYKAKKVVQLPDAHFVDHRIEILGNDSDYNKVKLYEHAVARYSPLPSQVW,dendra2-t69a,23.8,518,502,42500,3,,Green,6,0.56,dendra2-t69a_green,22.66,578,563,35400,4.2,,Orange,7,0.64,dendra2-t69a_orange,,,,,,,,,,,,,,,,,,,,,pc,dendra2-t69a_green,dendra2-t69a_orange,405,,,,,,,,,,,,,,XKDOQ
d,10.1073/pnas.082243699,,,dimer1,,,,,,,,,,,,,MVASSEDVIKEFMRFKVRMEGSVNGHEFEIEGEGEGRPYEGTQTAKLKVTKGGPLPFAWDILSPQFQYGSKVYVKHPADIPDYKKLSFPEGFKWERVMNFEDGGVVTVTQDSSLQDGCFIYKVKFRGVNFPSDGPVMQKKTMGWEASTERLYPRDGVLKGEIHQALKLKDGGHYLVEFKTIYMAKKPVQLPGYYYVDTKLDITSHNEDYTIVEQYERAEGRHHLFL,dimer1,,579,551,,,,default,,,dimer1_default,,,,,,,,,,,,,,,,,,,,,,,,,,,,,,,b,,,,,,,,,,,,,,,,,ZC4KN
d,10.1073/pnas.082243699,AAM54542,142581,dimer2,,,,,,,,,,,,,MVASSEDVIKEFMRFKVRMEGSVNGHEFEIEGEGEGRPYEGTQTAKLKVTKGGPLPFAWDILSPQFQYGSKAYVKHPADIPDYKKLSFPEGFKWERVMNFEDGGVVTVTQDSSLQDGTLIYKVKFRGTNFPPDGPVMQKKTMGWEASTERLYPRDGVLKGEIHQALKLKDGGHYLVEFKTIYMAKKPVQLPGYYYVDTKLDITSHNEDYTIVEQYERSEGRHHLFL,dimer2,47.61,579,552,69000,,120,default,4.9,0.69,dimer2_default,,,,,,,,,,,,,,,,,,,,,,,,,,,,,,,b,,,,,,,,,,,,,,,,,DFXUK
,10.1073/pnas.062552299,AAG16224,967803,dis2RFP,,,,,,,,,,,,,MSCSKNVIKEFMRFKVRMEGTVNGHEFEIKGEGEGRPYEGHCSVKLMVTKGGPLPFAFDILSPQFQYGSKVYVKHPADIPDYKKLSFPEGFKWERVMNFEDGGVVTVSQDSSLKDGCFIYEVKFIGVNFPSDGPVMQRRTRGWEASSERLYPRDGVLKGDIHMALRLEGGGHYLVEFKSIYMVKKPSVQLPGYYYVDSKLDMTSHNEDYTVVEQYEKTQGRHHPFIKPLQ,dis2rfp,,593,573,,,,default,,,dis2rfp_default,,,,,,,,,,,,,,,,,,,,,,,,,,,,,,,b,,,,,,,,,,,,,,,,Q9GTJ7,ORVNV
d,10.1016/j.chembiol.2008.02.008,,,d-RFP618,,,,,,,,,,,,,MNSLIKENMRMMVVMEGSVNGYQFKCTGEGDGNPYMGTQTMRIKVVEGGPLPFAFDILATSFMYGSKTFIKHTKGIPDFFKQSFPEGFTWERVTRYEDGGVFTVMQDTSLEDGCLVYHAKVRGVNFPSNGAVMQKKTKGWEPSTEMLYPADGGLRGYSQMALNVDGGGYLFCSFETTYRSKKTDENFKMPGFHFVDHRLERLEESDKEMFVVQHEHAVAKFCDLPSKLGRL,d-rfp618,,618,560,,,480,default,,0.35,d-rfp618_default,,,,,,,,,,,,,,,,,,,,,,,,,,,,,,,b,,,,,,,,,,,,,,,,,GZCBS
,10.1016/j.cca.2004.07.002,AAU04443,3612583,DspR1,,,,,,,,,,,,,MSCSKNVIKEFMRFKVRMEGTVNGHEFEIEGEGEGRPYEGHNTVKLKVTKGGPLPFAWDILSPQFQYGSKVYVKHPADIPDYKKLSFPEGFKWERVMNFEDGGVVTVTQDPSLQDGCFIYKVKFIGVNFPSDGPVMQKKTMGWEASTERLYPRDGVLKGEIHKALKLKDGGHYLVEFKTIYMAKKPVQLPGYYYVDSKLDITSHNKDYTIVEQYERTEGRHHLFLKAELGSNVGER,dspr1,,582,556,,,,default,,,dspr1_default,,,,,,,,,,,,,,,,,,,,,,,,,,,,,,,b,,,,,,,,,,,,,,,,Q66ND8,9T6B1
t,10.1038/13657,AAF03369,836144,DsRed,,1GGX,1ZGO,,1G7K,,,,,,,,MRSSKNVIKEFMRFKVRMEGTVNGHEFEIEGEGEGRPYEGHNTVKLKVTKGGPLPFAWDILSPQFQYGSKVYVKHPADIPDYKKLSFPEGFKWERVMNFEDGGVVTVTQDSSLQDGCFIYKVKFIGVNFPSDGPVMQKKTMGWEASTERLYPRDGVLKGEIHKALKLKDGGHYLVEFKSIYMAKKPVQLPGYYYVDSKLDITSHNEDYTIVEQYERTEGRHHLFL,dsred,49.3,583,558,72500,,1600,default,,0.68,dsred_default,,,,,,,,,,,,,,,,,,,,,,,,,,,,,,,b,,,,,,,,,,,,,,,,Q9U6Y8,EGE3L
t,10.1007/s00299-006-0210-x,ABS86946,13508869,DsRed2,,,,,,,,,,,,,MASSENVITEFMRFKVRMEGTVNGHEFEIEGEGEGRPYEGHNTVKLKVTKGGPLPFAWDILSPQFQYGSKVYVKHPADIPDYKKLSFPEGFKWERVMNFEDGGVATVTQDSSLQDGCFIYKVKFIGVNFPSDGPVMQKKTMGWEASTERLYPRDGVLKGETHKALKLKDGGHYLVEFKSIYMAKKPVQLPGYYYVDAKLDITSHNEDYTIVEQYERTEGRHHLFL,dsred2,28.6,587,561,52000,,390,default,,0.55,dsred2_default,,,,,,,,,,,,,,,,,,,,,,,,,,,,,,,b,,,,,,,,,,,,,,,,,TXLFX
t,10.1038/nbt0102-83,GQ268961,,DsRed-Express,,,,,,,,,,,,,MASSEDVIKEFMRFKVRMEGSVNGHEFEIEGEGEGRPYEGTQTAKLKVTKGGPLPFAWDILSPQFQYGSKVYVKHPADIPDYKKLSFPEGFKWERVMNFEDGGVVTVTQDSSLQDGSFIYKVKFIGVNFPSDGPVMQKKTMGWEASTERLYPRDGVLKGEIHKALKLKDGGHYLVEFKSIYMAKKPVQLPGYYYVDSKLDITSHNEDYTIVEQYERAEGRHHLFL,dsred-express,12.64,586,554,30100,,42,default,4.8,0.42,dsred-express_default,,,,,,,,,,,,,,,,,,,,,,,,,,,,,,,b,,,,,,,,,,,,,,,,,DCYCK
,10.1038/nmeth.1264,ACJ05619,15756136,DsRed-Express2,,,,,,,,,,,,,MDSTENVIKPFMRFKVHMEGSVNGHEFEIEGEGEGKPYEGTQTAKLQVTKGGPLPFAWDILSPQFQYGSKVYVKHPADIPDYKKLSFPEGFKWERVMNFEDGGVVTVTQDSSLQDGTFIYHVKFIGVNFPSDGPVMQKKTLGWEPSTERLYPRDGVLKGEIHKALKLKGGGHYLVEFKSIYMAKKPVKLPGYYYVDSKLDITSHNEDYTVVEQYERAEARHHLFQ,dsred-express2,14.95,591,554,35600,,42,default,,0.42,dsred-express2_default,,,,,,,,,,,,,,,,,,,,,,,,,,,,,,,b,,,,,,,,,,,,,,,,,5DP2R
m,10.1093/protein/gzm046,,,DsRed.M1,,2VAD,,,,,,,,,,,MDNTEDVIKEFMQFKVRMEGSVNGHYFEIEGEGEGKPYEGTQTAKLQVTKGGPLPFAWDILSPQFQYGSKAYVKHPADIPDYMKLSFPEGFTWERSMNFEDGGVVEVQQDSSLQDGTFIYKVKFKGVNFPADGPVMQKKTAGWEPSTEKLYPQDGVLKGEISHALKLKDGGHYTCDFKTVYKAKKPVQLPGNHYVDSKLDITNHNEDYTVVEQYEHAEARHSGSQ,dsredm1,3.82,587,558,27300,1.4,,default,,0.14,dsredm1_default,,,,,,,,,,,,,,,,,,,,,,,,,,,,,,,b,,,,,,,,,,,,,,,,,N33JN
t,10.1038/nmeth.1264,ACJ05620,,DsRed-Max,,2V4E,,,,,,,,,,,MDSTENVIKPFMRFKVHMEGSVNGHEFEIEGEGEGKPYEGTQTAKLQVTKGGPLPFAWDILSPQFMYGSKVYTKHPADIPDYKKLSFPEGFKWERVMNFEDGGVVTVTQDSSLQDGTFIYHVKFIGVNFPSDGPVMQKKTLGWEPSTERLYPRDGVLKGEIHKALKLKGGGHYLCEFKSIYMAKKPVKLPGYYYVDSKLDITSHNEDYTVVEQYERTEARHHLFQ,dsred-max,19.68,589,560,48000,,72,default,,0.41,dsred-max_default,,,,,,,,,,,,,,,,,,,,,,,,,,,,,,,b,,,,,,,,,,,,,,,,,UVJD2
t,10.1038/nbt0102-83,,,DsRed.T3,,,,,,,,,,,,,MASSEDVIKEFMRFKVRMEGSVNGHEFEIEGEGEGRPYEGTQTAKLKVTKGGPLPFAWDILSPQFQYGSKVYVKHPADIPDYKKLSFPEGFKWERVMNFEDGGVVTVTQDSSLQDGCFIYKVKFIGVNFPSDGPVMQKKTMGWEPSTERLYPRDGVLKGEIHKALKLKDGGHYLVEFKSIYMAKKPVQLPGYYYVDSKLDITSHNEDYTIVEQYERTEGRHHLFL,dsredt3,29.2,587,560,49500,,78,default,,0.59,dsredt3_default,,,,,,,,,,,,,,,,,,,,,,,,,,,,,,,b,,,,,,,,,,,,,,,,,FRM5D
t,10.1038/nbt0102-83,,,DsRed.T4,,2VAE,,,,,,,,,,,MASSEDVIKEFMRFKVRMEGSVNGHEFEIEGEGEGRPYEGTQTAKLKVTKGGPLPFAWDILSPQFQYGSKVYVKHPADIPDYKKLSFPEGFKWERVMNFEDGGVVTVTQDSSLQDGCFIYKVKFIGVNFPSDGPVMQKKTMGWEPSTERLYPRDGVLKGEIHKALKLKDGGHYLVEFKSIYMAKKPVQLPGYYYVDSKLDITSHNEDYTIVEQYERAEGRHHLFL,dsredt4,13.33,586,555,30300,,42.6,default,,0.44,dsredt4_default,,,,,,,,,,,,,,,,,,,,,,,,,,,,,,,b,,,,,,,,,,,,,,,,,XHBTX
d,10.1038/nbt1037,AAV52168,3838230,dTomato,,,,,,,,,,,,,MVSKGEEVIKEFMRFKVRMEGSMNGHEFEIEGEGEGRPYEGTQTAKLKVTKGGPLPFAWDILSPQFMYGSKAYVKHPADIPDYKKLSFPEGFKWERVMNFEDGGLVTVTQDSSLQDGTLIYKVKMRGTNFPPDGPVMQKKTMGWEASTERLYPRDGVLKGEIHQALKLKDGGHYLVEFKTIYMAKKPVQLPGYYYVDTKLDITSHNEDYTIVEQYERSEGRHHLFLYGMDELYK,dtomato,47.61,581,554,69000,,60,default,4.7,0.69,dtomato_default,,,,,,,,,,,,,,,,,,,,,,,,,,,,,,,b,,,,,,,,,,,,,,,,,G1DQY
t,10.1021/bi900870u,AMO27221,,E2-Crimson,,,,,,,,,,,,,MDSTENVIKPFMRFKVHMEGSVNGHEFEIEGVGEGKPYEGTQTAKLQVTKGGPLPFAWDILSPQFFYGSKAYIKHPADIPDYLKQSFPEGFKWERVMNFEDGGVVTVTQDSSLQDGTLIYHVKFIGVNFPSDGPVMQKKTLGWEPSTERNYPRDGVLKGENHMALKLKGGGHYLCEFKSIYMAKKPVKLPGYHYVDYKLDITSHNEDYTVVEQYERAEARHHLFQ,e2-crimson,28.98,646,611,126000,,24,default,4.5,0.23,e2-crimson_default,,,,,,,,,,,,,,,,,,,,,,,,,,,,,,,b,,,,,,,,,,,,,,,,,VSU6B
,10.1186/1472-6750-9-32,FJ498892,,E2-Red/Green,,,,,,,,,,,,,MDSTENVIKPFMRFKVHMEGSVNGHEFEIEGEGEGKPYEGTHTVKLQVTKGGPLPFAWDILSPQFQYGSKVYVKHPADIPDYKKLSFPEGFKWERVMNFEDGGVVTVTQDSSLQDGTFIYHVKFIGVNFPSDGPVMQKKTLGWEPSTERLYPRDGVLKGEIHKALKLKGGGHYLVEFKSIYMAKKPVKLPGYYYVDSKLDITSHNEDYTVVEQYERTEGRHHLFQ,e2-redgreen,36.05,585,560,53800,,72,default,4.5,0.67,e2-redgreen_default,,,,,,,,,,,,,,,,,,,,,,,,,,,,,,,b,,,,,,,,,,,,,,,,,VB2NB
t,10.1371/journal.pone.0002680,ABB17960,4901527,eechRFP,,,,,,,,,,,,,MSLINPEMKIKLLMEGNVNGHPFVIEGDGKGHPFEGKQSMDLVVKEGAPLPFAYDILTTAFHYGNRVFAKYPDHIPDYFKQSFPNGFSWERSLMFEDGGVCIATNDITLEGDTFFNKVRFYGVNFPPNGPVMQKKTLKWEASTEKMYLRDGVLTGDITMALLLKGDVHYRCDFRTTYKSRQEGVKLPGYHFVDHCISIVSHDKDYTKVKLYEHAVAHLGLPENVK,eechrfp,5.2,582,574,12100,,,default,,0.43,eechrfp_default,,,,,,,,,,,,,,,,,,,,,,,,,,,,,,,b,,,,,,,,,,,,,,,,A8CLS2,JB7SD
t,10.1371/journal.pone.0002680,ACD13196,14926077,eforCP,,,,,,,,,,,,,MSVIKQVMKTKLHLEGTVNGHDFTIEGKGEGKPYEGLQHMKMTVTKGAPLPFSVHILTPSHMYGSKPFNKYPADIPDYHKQSFPEGMSWERSMIFEDGGVCTASNHSSINLQENCFIYDVKFHGVNLPPDGPVMQKTIAGWEPSVETLYVRDGMLKSDTAMVFKLKGGGHHRVDFKTTYKAKKPVKLPEFHFVEHRLELTKHDKDFTTWDQQEAAEGHFSPLPKALP,eforcp,17.81,609,589,111300,,,default,,0.16,eforcp_default,,,,,,,,,,,,,,,,,,,,,,,,,,,,,,,b,,,,,,,,,,,,,,,,B6CTZ7,TDA9A
d,10.1038/nmeth1062,,,eqFP578,,,,,,,,,,,,,MSELIKENMHMKLYMEGTVNNHHFKCTSEGERKPYEGTQTMKIKVVEGGPLPFAFDILATSFMYGSKTFINHTQGIPDLFKQSFPEGFTWERITTYEDGGVLTATQDTSLQNGCIIYNVKINGVNFPSNGSVMQKKTLGWEANTEMLYPADGGLRGHSQMALKLVGGGYLHCSFKTTYRSKKPAKNLKMPGFHFVDHRLERIKEADKETYVEQHEMAVAKYCDLPSKLGHR,eqfp578,55.08,578,552,102000,,,default,,0.54,eqfp578_default,,,,,,,,,,,,,,,,,,,,,,,,,,,,,,,b,,,,,,,,,,,,,,,,H3JQU7,G5OWS
t,10.1073/pnas.182157199,AAN05449,612407,eqFP611,,1UIS,,,,,,,,,,,MNSLIKENMRMMVVMEGSVNGYQFKCTGEGDGNPYMGTQTMRIKVVEGGPLPFAFDILATSFMYGSKTFIKHTKGIPDFFKQSFPEGFTWERVTRYEDGGVFTVMQDTSLEDGCLVYHAKVTGVNFPSNGAVMQKKTKGWEPNTEMLYPADGGLRGYSQMALNVDGGGYLSCSFETTYRSKKTVENFKMPGFHFVDHRLERLEESDKEMFVVQHEHAVAKFCDLPSKLGRL,eqfp611,35.1,611,559,78000,2.5,270,default,3.84,0.45,eqfp611_default,,,,,,,,,,,,,,,,,,,,,,,,,,,,,,,b,,,,,,,,,,,,,,,,Q8ISF8,R5RQ5
d,10.1117/1.1854680,,,eqFP611 V124T,,3E5T,,,,,,,,,,,MNSLIKENMRMMVVMEGSVNGYQFKCTGEGDGNPYMGTQTMRIKVVEGGPLPFAFDILATSFMYGSKTFIKHTKGIPDFFKQSFPEGFTWERVTRYEDGGVFTVMQDTSLEDGCLVYHAKVTGTNFPSNGAVMQKKTKGWEPNTEMLYPADGGLRGYSQMALNVDGGGYLSCSFETTYRSKKTVENFKMPGFHFVDHRLERLEESDKEMFVVQHEHAVAKFCDLPSKLGRL,eqfp611-v124t,31.08,611,559,74000,,450,default,,0.42,eqfp611-v124t_default,,,,,,,,,,,,,,,,,,,,,,,,,,,,,,,b,,,,,,,,,,,,,,,,,ALL3F
d,10.1038/nmeth.1501,ADR83529,,eqFP650,,4EDO,,,,,,,,,,,MGEDSELISENMHMKLYMEGTVNGHHFKCTSEGEGKPYEGTQTAKIKVVEGGPLPFAFDILATSFMYGSKTFINHTQGIPDFFKQSFPEGFTWERITTYEDGGVLTATQDTSLQNGCLIYNVKINGVNFPSNGPVMQKKTLGWEASTEMLYPADSGLRGHSQMALKLVGGGYLHCSLKTTYRSKKPAKNLKMPGFYFVDRKLERIKEADKETYVEQHEMAVARYCDLPSKLGHS,eqfp650,15.6,650,592,65000,,,default,5.7,0.24,eqfp650_default,,,,,,,,,,,,,,,,,,,,,,,,,,,,,,,b,,,,,,,,,,,,,,,,,JS838
d,10.1038/nmeth.1501,ADR83530,,eqFP670,,4EDS,,,,,,,,,,,MGEDSELISENMHTKLYMEGTVNGHHFKCTSEGEGKPYEGTQTCKIKVVEGGPLPFAFDILATSFMYGSKTFINHTQGIPDFFKQSFPEGFTWERITTYEDGGVLTATQDTSLQNGCLIYNVKINGVNFPSNGPVMQKKTLGWEANTEMLYPADSGLRGHNQMALKLVGGGYLHCSLKTTYRSKKPAKNLKMPGFYFVDRKLERIKEADKETYVEQHEMAVARYCDLPSKLGHS,eqfp670,4.2,670,605,70000,,,default,4.5,0.06,eqfp670_default,,,,,,,,,,,,,,,,,,,,,,,,,,,,,,,b,,,,,,,,,,,,,,,,,7FXGZ
,10.1016/j.molimm.2012.10.003,AAQ11987,1722071,FP586,,,,,,,,,,,,,MSCSKNVIKEFMRFKVRMEGTVNGHEFEIEGEGEGRPYGGHNTVKLKVTKGGPLPFAWDILSPQFQYGSKVYVKHPADIPDYKKLSFPEGFKWERVMNFEDGGVVTVTQDSSLQDGCFIYKVKFIGVNFPSDGPVMQKKTMGWEASTERLYPRDGVLKGDIHKALKLKDGGHYLVEFKSIYMAKKPVQLPGYYYVDSKLDITSHNEDYTIVEQYERTEGRHHLFL,fp586,,586,559,,,,default,,,fp586_default,,,,,,,,,,,,,,,,,,,,,,,,,,,,,,,b,,,,,,,,,,,,,,,,Q6KF85,WUW5F
m,10.1039/c8ib00103k,,,FR-1,,,,,,,,,,,,,MVSELIKENMPMKLYMEGTINNHHFKCTSEGEGKPYEGTQTMRIKVVEGGPPPFAFDILATSFMYGSRTFIKHPPGIPDFFKQSFPEGFTWERVTTYEDGGVLTATQDTSLQDGCLIYNVKVRGVNFPANGPVMQKKTLGWEASTETMYPADGGLEGACDMALKLVGGGHMICNLETTYRSKKPATNLKMPGVYNVDHRLERIKEADDETYVEQHEVAVARYSTGGAGDGGK,fr-1,28.87,594,569,84900,2.3,,default,,0.34,fr-1_default,,,,,,,,,,,,,,,,,,,,,,,,,,,,,,,b,,,,,,,,,,,,,,,,,39D4R
m,10.1002/anie.202006576,,,frFAST,,,,,,,,,,,,,MEHVAFGSEDIENTLAKMDDGQLDGLAFGAIQLDGDGNILQYNAAEGDITGRDPKQVIGKNLFKDVAPGTVSSGFYGKFKEGVASGNLNTMFEWMIPTSRGPTKVKIHMKKALSGDSYWVFVKRV,frfast,,670,555,,,,Fluorogen HPAR-3OM,,0.21,frfast_fluorogen-hpar-3om,,,,,,,,,,,,,,,,,,,,,,,,,,,,,,,b,,,,,,,,,,,,,,,,,UUTXN
m,10.1038/ncomms2208,,,FusionRed,,,,,,,,,,,,,MVSELIKENMPMKLYMEGTVNNHHFKCTSEGEGKPYEGTQTMRIKVVEGGPLPFAFDILATSFMYGSRTFIKHPPGIPDFFKQSFPEGFTWERVTTYEDGGVLTATQDTSLQDGCLIYNVKVRGVNFPANGPVMQKKTLGWEASTETMYPADGGLEGACDMALKLVGGGHLICNLETTYRSKKPATNLKMPGVYNVDHRLERIKEADDETYVEQHEVAVARYSTGGAGDGGK,fusionred,17.95,608,580,94500,1.8,130,default,4.6,0.19,fusionred_default,,,,,,,,,,,,,,,,,,,,,,,,,,,,,,,b,,,,,,,,,,,,,,,,,S6A7A
m,10.1039/c8ib00103k,,,FusionRed-M,,,,,,,,,,,,,MVSELIKENMPMKLYMEGTVNNHHFKCTSEGEGKPYEGTQTMRIKVVEGGPLPFAFDILATSFMYGSRTFIKHPPGIPDFFKQSFPEGFTWERVTTYEDGGVLTATQDTSLQDGCLIYNVKVRGVNFPANGPVMQKKTLGWEASTETMYPADGGLEGACDMALKLVGGGHMICNLETTYRSKKPATNLKMPGVYNVDHRLERIKEADDETYVEQHEVAVARYSTGGAGDGGK,fusionred-m,24.17,594,571,71100,2.1,,default,,0.34,fusionred-m_default,,,,,,,,,,,,,,,,,,,,,,,,,,,,,,,b,,,,,,,,,,,,,,,,,E3FDV
m,10.1021/acs.biochem.0c00484,,,FusionRed-MQV,,,,,,,,,,,,,MVSELIKENMPMKLYMEGTVNNHHFKCTSEGEGKPYEGTQTQRIKVVEGGPLPFAFDILATSFMYGSRTFIKHPPGIPDFFKQSFPEGFTWERVTTYEDGGVLTATQDTSLQDGCLIYNVKVRGVNFPANGPVMQKKTLGWEASTETMYPADGGLEGAVDMALKLVGGGHLICNMETTYRSKKPATNLKMPGVYNVDHRLERIKEADDETYVEQHEVAVARYSTGGAGDGGK,fusionred-mqv,76.32,585,566,144000,2.77,195,default,4.6,0.53,fusionred-mqv_default,,,,,,,,,,,,,,,,,,,,,,,,,,,,,,,b,,,,,,,,,,,,,,,,,F35B7
td,10.1002/cbic.201600492,,,GRvT,,,,,,,,,,,,,MVSKGEEVIKEFMRFKVRMEGSMNGHEFEIEGEGEGRPYEGTQTAKLKVTKGGPLPFAWDILSPLLMYGSKMYVKHPADIPDYKKLSFPEGFKWVRVMNFEDGGLVTATQDSSLQDGTLIYEVKMRGTNFPPDGPVMQKKTMGWEASTERLYPRDGVLKGEIHQALKLKDGGHYLVEFKTIYMAKKPVQLPGYYYVDTKLDITSHNEDYTRVEQYERSEGRHHLFLYDGSTGSGSSGTMVSKGEEVIKEFMRFKVRMEGSMNGHEFEIEGEGEGRPYEGTQTAKLKVTKGGPLPFAWDILSPQFMYGSKAYVKHPADIPDYKKLSFPEGFKWERVMNFEDGGLVTVTQDSSIQDGTLIYKVKMRGTNFPPDGPVMQKKTMGWEASTERLYPRDGVLKGEIHQALKLKDGGHYLVEFKTIYMAKKPVQLPGYYYVDTKLDITSHNEDYTIVEQYERSEGRHHLFLYGMDELYK,grvt,68.87,583,557,71000,,,Red excitation,2.5,0.97,grvt_red-excitation,36.49,583,477,89000,,,FRET excitation,3.3,0.41,grvt_fret-excitation,,,,,,,,,,,,,,,,,,,,,b,,,,,,,,,,,,,,,,,H93B4
t,10.1016/s0014-5793(01)02930-1,,,HcRed,,1YZW,,,,,,,,,,,MAGLLKESMRIKMYMEGTVNGHYFKCEGEGDGNPFAGTQSMRIHVTEGAPLPFAFDILAPCCEYGSRTFVHHTAEIPDFFKQSFPEGFTWERTTTYEDGGILTAHQDTSLEGNCLIYKVKVHGTNFPADGPVMKNKSGGWEPSTEVVYPENGVLCGRNVMALKVGDRHLICHHYTSYRSKKAVRALTMPGFHFTDIRLQMLRKKKDEYFELYEASVARYSDLPEKAN,hcred,0.3,645,592,20000,,,default,,0.015,hcred_default,,,,,,,,,,,,,,,,,,,,,,,,,,,,,,,b,,,,,,,,,,,,,,,,,LP3PQ
d,10.1073/pnas.1807449115,,,HcRed7,,6DEJ,,,,,,,,,,,MAGLLKESMRIKMYMEGTVNGHYFKCEGEGDGNPFAGTQSMRIHVTEGAPLPFAFDILAPCCEYGSKTFVHHTAEIPDFFKQSFPEGFTWERTTTYEDGGILTAHQDTSLEGNCLIYKVKVHGTNFPADGPVMKNKSGGWEPSTEVVYPENGVLCGRNVMALKVGDRHLICHHYTSYRSKKAVRALTMPGFHFTDYRLQMLRKKKDEYFELYEASVARYSDLPEKAN,hcred7,6,645,592,75000,,,default,,0.08,hcred7_default,,,,,,,,,,,,,,,,,,,,,,,,,,,,,,,b,,,,,,,,,,,,,,,,,LNY1F
td,10.1042/bj20021191,,,HcRed-Tandem,,,,,,,,,,,,,RSPGMSGLLKESMRIKMYMEGTVNGHYFKCEGEGDGNPFAGTQGMRIHVTEGAPLPFAFDILAPCCAYGSRTFVHHTAEIPDFFKQSFPEGFTWERTTTYEDGGILTAHQDTSLEGNCLIYKVKVHGTNFPADGPVMKNESGGWEPSTEVVYPENGVLCGRNVMALKVGDRHLICHLYTSYKSKKAVRALTMPGFHFTDIRLQMLRKKKDEYFELYEASVARYSDLPEKAN,hcred-tandem,6.4,637,590,160000,,,default,,0.04,hcred-tandem_default,,,,,,,,,,,,,,,,,,,,,,,,,,,,,,,b,,,,,,,,,,,,,,,,,VWTNO
t,10.1073/pnas.0805949105,,,IrisFP,,2VVI,4LJD,4LJB,5FVG,5FVI,3TMT,3TMR,2VVJ,4LJC,5FVF,2VVH,MSAIKPDMKINLRMEGNVNGHHFVIDGDGTGKPFEGKQSMDLEVKEGGPLPFAFDILTTAFHYGNRVFAEYPDHIQDYFKQSFPKGYSWERSLTFEDGGICIARNDITMEGDTFYNKVRFHGVNFPANGPVMQKKTLKWEPSTEKMYVRDGVLTGDITMALLLEGNAHYRCDSRTTYKAKEKGVKLPGYHLVDHCIEILSHDKDYNKVKLYEHAVAHSGLPDNARR,irisfp,22.45,516,488,52200,,,Green,5.7,0.43,irisfp_green,16.64,580,551,35400,,,Orange,,0.47,irisfp_orange,,,,,,,Green (off),,,irisfp_green-off,,,,,,,Orange (off),,,irisfp_orange-off,mp,irisfp_green,irisfp_green-off,488,irisfp_green-off,irisfp_green,405,irisfp_green,irisfp_orange,405,irisfp_orange,irisfp_orange-off,561,irisfp_orange-off,irisfp_orange,440,,PA6OT
d,10.1093/molbev/msh079,,,Jred,,,,,,,,,,,,,MDEDGSEGGPALFQSDMTFKIFIDGEVNGQKFTIVADGSSKFPHGDFNVHAVCETGKLPMSWKPICHLIQYGEPFFARYPNGISHFAQECFPEGLSIDRTVRFENDGTMTSHHTYELDGTCVVSRITVNCDGFQPDGPIMRDQLVDILPNETHMFPHGPNAVRQLAFIGFTTADGGLMMGHFDSKMTFNGSRAIKIPGPHFVTIITKQMRDTSDKRDHVCQREVTYAHSVPRITSAIGSDEDSGLRSRAQASNSAVDGTAGPGSTGSR,jred,8.8,610,584,44000,,,default,5,0.2,jred_default,,,,,,,,,,,,,,,,,,,,,,,,,,,,,,,b,,,,,,,,,,,,,,,,,HKDXH
d,10.1038/nmeth1083,,,Katushka,,3PJ5,3PJ7,,,,,,,,,,MSVLITENMHMKLYMEGTVNDHHFKCTSEGEGKPYEGTQTMKIKVVEGGPLPFAFDILATSFMYGSKTFINHTQGIPDFFKQSFPEGFTWERITTYEDGGVLTATQDTSLQNGCLIYNVKINGVNFPSNGPVMQKKTLGWEASTEMLYPADSGLRGHSQMALKLVGGGYLHCSLKTTYRSKKPAKNLKMPGFYFVDRRLERIKEADKETYVEQHEMAVARYCDLPSKLGHS,katushka,22.1,635,588,65000,2.1,34,default,,0.34,katushka_default,,,,,,,,,,,,,,,,,,,,,,,,,,,,,,,b,,,,,,,,,,,,,,,,,Q2ZO7
d,10.1038/srep10332,,,Katushka2S,,,,,,,,,,,,,MVGEDSVLITENMHMKLYMEGTVNDHHFKCTSEGEGKPYEGTQTMKIKVVEGGPLPFAFDILATSFMYGSKTFINHTQGIPDFFKQSFPEGFTWERITTYEDGGVLTATQDTSLQNGCLIYNVKINGVNFPSNGPVMQKKTLGWEASTEMLYPADSGLRGHAQMALKLVGGGYLHCSLKTTYRSKKPAKNLKMPGFYFVDRRLERIKEADKETYVEQHEMAVARYCDLPSKLGHS,katushka2s,29.48,633,588,67000,,14,default,5.4,0.44,katushka2s_default,,,,,,,,,,,,,,,,,,,,,,,,,,,,,,,b,,,,,,,,,,,,,,,,,4E21X
d,10.1038/nmeth.1501,,,Katushka-9-5,,,,,,,,,,,,,MGEDSELISENMHMKLYMEGTVNDHHFKCTSEGEGKPYEGTQTMKIKVVEGGPLPFAFDILATSFMYGSKTFINHTQGIPDFFKQSFPEGFTWERITTYEDGGVLTATQDTSLQNGCLIYNVKINGVNFPSNGPVMQKKTLGWEASTEMLYPADSGLRGHSQMALKLVGGGYLHCSLKTTYRSKKPAKNLKMPGFYFVDRKLERIKEADKETYVEQHEMAVARYCDLPSKLGHS,katushka-9-5,,635,588,,,27.4,default,,,katushka-9-5_default,,,,,,,,,,,,,,,,,,,,,,,,,,,,,,,b,,,,,,,,,,,,,,,,,JO1K2
t,10.1038/nbt778,AAO43187,605230,KFP1,,,,,,,,,,,,,MASLLTETMPFKTTIEGTVNGHCFKCIGKGEGNPFEGTQEMKIEVIEGGPLPFAFHILSTSCMYGSKTFIKYVSGIPDYFKQSFPEGFTWERTTTYEDGGFLTAHQDTSLDGDCLVYKVKILGNNFPADGPVMQNKVGRWEPGTEIVYEVDGVLRGQSLMALKCPGGRHLTCHLHTTYRSKKPASALKMPGFHFEDHRIEIMEEVEKGKCYKQYEAAVGRYCDAAPSKLGHN,kfp1,0.01,600,580,123000,,,Off,,0.0001,kfp1_off,4.13,600,580,59000,,,On,,0.07,kfp1_on,,,,,,,,,,,,,,,,,,,,,pa,kfp1_off,kfp1_on,560,,,,,,,,,,,,,,5N1DD
d,10.1038/nbt1175,AAY40168,4241616,KillerRed,,2WIQ,3GB3,,,,,,,,,,MEGGPALFQSDMTFKIFIDGEVNGQKFTIVADGSSKFPHGDFNVHAVCETGKLPMSWKPICHLIQYGEPFFARYPDGISHFAQECFPEGLSIDRTVRFENDGTMTSHHTYELDDTCVVSRITVNCDGFQPDGPIMRDQLVDILPNETHMFPHGPNAVRQLAFIGFTTADGGLMMGHFDSKMTFNGSRAIEIPGPHFVTIITKQMRDTSDKRDHVCQREVAYAHSVPRITSAIGSDED,killerred,11.25,610,585,45000,,,default,,0.25,killerred_default,,,,,,,,,,,,,,,,,,,,,,,,,,,,,,,b,,,,,,,,,,,,,,,,Q2TCH5,MSYZC
t,10.1042/bj20021796,,,M355NA,,,,,,,,,,,,,MASFLTETMPFKTTIEGTVNGHYFKCTGKGEGNPFEGTQEMKIEVIEGGPLPFAFHILSTSCMYGSKTFIKYVSGIPDYFKQSFPEGFTWERTTTYEDGGFLTAHQDTSLDGDCLVYKVKILGNNFPADGPVMQNKAGRWEPCTEIVYEVDGVLRGQSLMALKCPGGRHLTCHLHTTYRSKKPASALKMPGFHFEDHRIEIMEEVEKGKCYKQYEAAVGRYCDAAPSKLGHN,m355na,46.2,595,572,220000,,,default,,0.21,m355na_default,,,,,,,,,,,,,,,,,,,,,,,,,,,,,,,b,,,,,,,,,,,,,,,,,PO1ML
m,10.1038/nmeth.1209,ABC66097,,mApple,,,,,,,,,,,,,MVSKGEENNMAIIKEFMRFKVHMEGSVNGHEFEIEGEGEGRPYEAFQTAKLKVTKGGPLPFAWDILSPQFMYGSKVYIKHPADIPDYFKLSFPEGFRWERVMNFEDGGIIHVNQDSSLQDGVFIYKVKLRGTNFPSDGPVMQKKTMGWEASEERMYPEDGALKSEIKKRLKLKDGGHYAAEVKTTYKAKKPVQLPGAYIVDIKLDIVSHNEDYTIVEQYERAEGRHSTGGMDELYK,mapple,36.75,592,568,75000,2.9,30,default,6.5,0.49,mapple_default,,,,,,,,,,,,,,,,,,,,,,,,,,,,,,,b,,,,,,,,,,,,,,,,,T5UGO
d,10.1038/nmeth.4045,,,Maroon0.1,,,,,,,,,,,,,MVSKGEELIKENMHMKLYMEGTVNNHHFKCTSEGEGKPYEGTQTGRIKVVEGGPLPFAFDILAPCFMYGSKTFINHTQGIPDFFKQSFPEGFTWERVTTYEDGGVLTVTQDTSLQDGCLIYNVKLRGVNFPSNGPVMQKKTLGWEASTETLYPADGGLEGRCDWALKLVGGGHLHCNLKTTYRSKKPAKNLKMPGVYFVDRRLERIKEADNETYVEQHEVAVARYCDLPSKLGHKLNGMDELYK,maroon01,5.5,650,610,50000,,,default,,0.11,maroon01_default,,,,,,,,,,,,,,,,,,,,,,,,,,,,,,,b,,,,,,,,,,,,,,,,,6F9A8
m,10.1038/nmeth.2888,AHL19967,49083567,mCardinal,,4OQW,,,,,,,,,,,MVSKGEELIKENMHMKLYMEGTVNNHHFKCTTEGEGKPYEGTQTQRIKVVEGGPLPFAFDILATCFMYGSKTFINHTQGIPDFFKQSFPEGFTWERVTTYEDGGVLTVTQDTSLQDGCLIYNVKLRGVNFPSNGPVMQKKTLGWEATTETLYPADGGLEGRCDMALKLVGGGHLHCNLKTTYRSKKPAKNLKMPGVYFVDRRLERIKEADNETYVEQHEVAVARYCDLPSKLGHKLNGMDELYK,mcardinal,16.53,659,604,87000,,27,default,5.3,0.19,mcardinal_default,,,,,,,,,,,,,,,,,,,,,,,,,,,,,,,b,,,,,,,,,,,,,,,,,7EWEM
m,10.1016/j.chembiol.2018.08.008,MH062789,,mCarmine,,,,,,,,,,,,,MVSKGEELIKENMHMKLYMEGTVNNHHFKCTSEGEGKPYEGTQTQRIKVVEGGPLPFAFDILATSFMYGSKTFINHTQGIPDFFKQSFPEGFTWERVTTYEDGGVLKVKQDTSLQDGCLIYNVKIRGVNFPSNGPVMQKKTLGWEANTETLYPADGGLRGYNTMALKLVGGGHLQTFLKTTYRSKKPAKNLKMPGVYFVDRRLERIKEADKETYVEQHEVAVARYCDLPSKLGHKLNGMDELYK,mcarmine,5.81,675,603,83000,,,default,5.58,0.07,mcarmine_default,,,,,,,,,,,,,,,,,,,,,,,,,,,,,,,b,,,,,,,,,,,,,,,,,LG377
m,10.1038/nbt1037,AAV52164,3838123,mCherry,,2H5Q,,,,,,,,,,,MVSKGEEDNMAIIKEFMRFKVHMEGSVNGHEFEIEGEGEGRPYEGTQTAKLKVTKGGPLPFAWDILSPQFMYGSKAYVKHPADIPDYLKLSFPEGFKWERVMNFEDGGVVTVTQDSSLQDGEFIYKVKLRGTNFPSDGPVMQKKTMGWEASSERMYPEDGALKGEIKQRLKLKDGGHYDAEVKTTYKAKKPVQLPGAYNVNIKLDITSHNEDYTIVEQYERAEGRHSTGGMDELYK,mcherry,15.84,610,587,72000,1.4,15,default,4.5,0.22,mcherry_default,,,,,,,,,,,,,,,,,,,,,,,,,,,,,,,b,,,,,,,,,,,,,,,,X5DSL3,ZERB6
m,10.1371/journal.pone.0171257,,,mCherry2,,,,,,,,,,,,,MVSKGEEDNMAIIKEFMRFKVHMEGSVNGHEFEIEGEGEGRPYEGTQTAKLKVTKGGPLPFAWDILSPQFMYGSKAYVKHPADIPDYLKLSFPEGFNWERVMNFEDGGVVTVTQDSSLQDGEFIYKVKLRGTNFPSDGPVMQCRTMGWEASTERMYPEDGALKGEIKQRLKLKDGGHYDAEVKTTYKAKKPVQLPGAYNVDIKLDILSHNEDYTIVEQYERAEGRHSTGGMDELYK,mcherry2,17.47,610,589,79400,,,default,3.3,0.22,mcherry2_default,,,,,,,,,,,,,,,,,,,,,,,,,,,,,,,b,,,,,,,,,,,,,,,,,CN92E
m,10.26434/chemrxiv-2022-v3t03,,,mCherry-XL,,,,,,,,,,,,,MVSKGEEDNMAIIKEFMRFKVHMEGSVNGHEFEIEGEGEGRPYEGTQTAKLKVTKGGPLPFAWDILSPQFMYGSKAYVKHPADIPDYLKLSFPEGFKWERVMNFEDGGVVTVTQDSSLQDGEFIYKVKLRGTNFPSDGPVMQKKTMGSEASSERMYPEDGALKGEVKYRLKLKDGGHYDAEVKTTYKAKKPVQLPGAYNVNRKLDITSHNEDYTIVEQYERAEGRHSTGGMDELYK,mcherry-xl,50.4,589,558,72000,3.9,,Fluorescent,4.6,0.7,mcherry-xl_fluorescent,,,,,,,,,,,,,,,,,,,,,,,,,,,,,,,b,,,,,,,,,,,,,,,,,HZMZV
t,10.1371/journal.pone.0002680,ABB17952,4901499,meffRFP,,,,,,,,,,,,,MALSKNGLTKNMTTKYRMEGCVDGHKFVITGDGIGDPFEGKQTSIDLCVVEGGPLPFSEDILSAVFDYGNRVFTKYPQDLVDYFKNSCPAGYTWQRSFLFEDGAVCTASADITVSVEENCFYHESKFHGVNFPADGPVMKKMTTNWEPSCEKITPIPNEGILKGDVTMFLLLKDGGRYRCQFDTVYKAKSDPKTIMMPDWHFIQHKLNREDRSDAKHQKWRLVENAIAYRSTLS,meffrfp,55.78,576,560,99600,,,default,,0.56,meffrfp_default,,,,,,,,,,,,,,,,,,,,,,,,,,,,,,,b,,,,,,,,,,,,,,,,A8CLN4,ND36H
t,10.1371/journal.pone.0002680,ABB17959,4901479,meleRFP,,,,,,,,,,,,,MSVIKPDMKLKLRMEGTVNGHYFVIEGDGKGRPFEGKQSMDLDVKEGGPLPFAYDILTTAFHYGNRVFAEYPDHIPDYFKQSFPGGYSWERSLTFEDGGICIARNDIKMVGDTFYNTVRFDGVNFPPNGPVMQRRTQKWEPSTEKIYVRDGVLTGDITMALLLEGGVHYRCDFRTTYKAKEKGVQLPGYHFVDHCIEILSHDKDYNKVKLYEHAVAHSGLPDNKRQ,melerfp,38.76,579,573,45600,,,default,,0.85,melerfp_default,,,,,,,,,,,,,,,,,,,,,,,,,,,,,,,b,,,,,,,,,,,,,,,,A8CLR7,UWMXB
m,10.1021/jacs.5b09923,,,mEos2-A69T,,5DTL,,,,,,,,,,,MSAIKPDMKIKLRMEGNVNGHHFVIDGDGTGKPFEGKQSMDLEVKEGGPLPFAFDILTTAFHYGNRVFTKYPDNIQDYFKQSFPKGYSWERSLTFEDGGICIARNDITMEGDTFYNKVRFYGTNFPANGPVMQKKTLKWEPSTEKMYVRDGVLTGDIHMALLLEGNAHYRCDFRTTYKAKEKGVKLPGYHFVDHCIEILSHDKDYNKVKLYEHAVAHSGLPDNARR,meos2-a69t,15.31,509,495,24300,3.4,,Green,8.2,0.63,meos2-a69t_green,7.59,580,565,11500,4.2,,Orange,7.4,0.66,meos2-a69t_orange,,,,,,,,,,,,,,,,,,,,,pc,meos2-a69t_green,meos2-a69t_orange,405,,,,,,,,,,,,,,YJY7C
m,10.1038/nmeth.3225,,,mEos4a,,,,,,,,,,,,,MVSAIKPDMRIKLRMEGNVNGHHFVIDGDGTGKPYEGKQTMDLEVKEGGPLPFAFDILTTAFHYGNRVFVKYPDNIQDYFKQSFPKGYSWERSLTFEDGGICYARNDITMEGDTFYNKVRFYGTNFPANGPVMQKKTLKWEPSTEKMYVRDGVLTGDIHMALLLEGNAHYRCDFRTTYKAKEKGVKLPGYHFVDHAIEILSHDKDYNKVKLYEHAVAHSGLPDNARR,meos4a,71.84,515,505,83530,,,Green,5.25,0.86,meos4a_green,43.31,580,571,61000,,,Red,5.7,0.71,meos4a_red,,,,,,,,,,,,,,,,,,,,,pc,meos4a_green,meos4a_red,405,,,,,,,,,,,,,,EC56T
m,10.1038/nmeth.3225,,,mEos4b,,,,,,,,,,,,,MVSAIKPDMRIKLRMEGNVNGHHFVIDGDGTGKPYEGKQTMDLEVKEGGPLPFAFDILTTAFHYGNRVFVKYPDNIQDYFKQSFPKGYSWERSLTFEDGGICNARNDITMEGDTFYNKVRFYGTNFPANGPVMQKKTLKWEPSTEKMYVRDGVLTGDIEMALLLEGNAHYRCDFRTTYKAKEKGVKLPGAHFVDHAIEILSHDKDYNKVKLYEHAVAHSGLPDNARR,meos4b,65.66,516,505,78170,,,Green,5.5,0.84,meos4b_green,39.41,580,570,55500,,,Red,5.8,0.71,meos4b_red,,,,,,,,,,,,,,,,,,,,,pc,meos4b_green,meos4b_red,405,,,,,,,,,,,,,,V2GB1
m,10.1038/s41592-019-0613-6,,,mEosEM,,,,,,,,,,,,,MVSAIKPDMRIKLRMEGNVNGHHFVIDGEGTGKPYEGKQTMDLEVKEGGPLPFAFDILTTAFHYGNRVFVKYPDNIQDYFKQSFPKGYSWERSMTFEDGGICNARNDITMEGDTFYNKVRFYGTNFPANGPVMQKKTLKWEPSTEKMYVRDGVLTGDIEMALLLEGGAHYRCDFRTTYKAKEKGVKLPGAHFVDHAIEILSHDKDYNKVKLYEHAVAHSGLPDNARR,meosem,122.96,511,503,155650,,,Green,6,0.79,meosem_green,112.28,579,569,170128,,,Red,6.5,0.66,meosem_red,,,,,,,,,,,,,,,,,,,,,pc,meosem_green,meosem_red,405,,,,,,,,,,,,,,DKEXK
m,10.1073/pnas.0403668101,,,mEosFP,,3P8U,,,,,,,,,,,MSAIKPDMKINLRMEGNVNGHHFVIDGDGTGKPFEGKQSMDLEVKEGGPLPFAFDILTTAFHYGNRVFAEYPDHIQDYFKQSFPKGYSWERSLTFEDGGICIARNDITMEGDTFYNKVRFHGTNFPANGPVMQKKTLKWEPSTEKMYVRDGVLTGDIHMALLLEGNAHYRCDFRTTYKAKEKGVKLPGYHFVDHCIEILSHDKDYNKVKLYEHAVAHSGLPDNARR,meosfp,43.01,516,505,67200,3.5,,Green,5.3,0.64,meosfp_green,22.94,581,569,37000,4.1,,Red,6.5,0.62,meosfp_red,,,,,,,,,,,,,,,,,,,,,pc,meosfp_green,meosfp_red,400,,,,,,,,,,,,,,N8HMF
m,10.1016/j.chembiol.2011.08.007,,,mEosFP-F173S,,,,,,,,,,,,,MSAIKPDMKINLRMEGNVNGHHFVIDGDGTGKPFEGKQSMDLEVKEGGPLPFAFDILTTAFHYGNRVFVEYPDHIQDYFKQSFPKGYSWERSLTFEDGGICIARNDITMEGDTFYNKVRFHGTNFPANGPVMQKKTLKWEPSTEKMYVRDGVLTGDIHMALLLEGNAHYRCDSRTTYKAKEKGVKLPGYHLVDHCIEILSHDKDYNKVKLYEHAVAHSGLPDNARR,meosfp-f173s,22.88,514,486,53200,3.3,,Green,5.8,0.43,meosfp-f173s_green,,,,,,,Green (off),,,meosfp-f173s_green-off,,,,,,,Red (off),,,meosfp-f173s_red-off,10.25,581,550,25000,3.7,,Red,6.2,0.41,meosfp-f173s_red,mp,meosfp-f173s_green,meosfp-f173s_green-off,488,meosfp-f173s_green,meosfp-f173s_red,405,meosfp-f173s_green-off,meosfp-f173s_green,405,meosfp-f173s_red,meosfp-f173s_red-off,561,meosfp-f173s_red-off,meosfp-f173s_red,440,,81ENW
m,10.1038/srep18006,,,mGarnet,,,,,,,,,,,,,MNSLIKENMRMKVVLEGSVNGHQFKCTGEGEGNPYMGTQTMRIKVIEGGPLPFAFDILATSFMYGSKTFIKYPKGIPDFFKQSFPEGFTWERVTRYEDGGVITVMQDTSLEDGCLVYHAQVRGVNFPSNGAVMQKKTKGWEPNTEMMYPADGGLRGYNHMALKVDGGGHLSCSLVTTYRSKKTVGNIKMPGIHAVDRRLERLEESDNEMFVVQREHAVAKFAGLGGG,mgarnet,8.55,670,598,95000,0.8,112,default,7.4,0.09,mgarnet_default,,,,,,,,,,,,,,,,,,,,,,,,,,,,,,,b,,,,,,,,,,,,,,,,,AE8QV
m,10.1039/c6cc09081h,,,mGarnet2,,,,,,,,,,,,,MNSLIKENMRMKVVLEGSVNGHQFKCTGEGEGNPYMGTQTMRIKVIEGGPLPFAFDILATSFMYGSKTFIKYPKGIPDFFKQSFPEGFTWERVTRYEDGGVITVMQDTSLEDGCLVYHAQLRGVNFPSNGAVMQKKTKGWEPNTEMMYPADGGLRGYNHMALKVDGGGHLHCSLVTTYRSKKTVGNIKMPGIHAVDRRLERLEESDNEMFVVQREHAVAKFAGLGGG,mgarnet2,9.13,671,598,105000,0.76,,default,6.8,0.087,mgarnet2_default,,,,,,,,,,,,,,,,,,,,,,,,,,,,,,,b,,,,,,,,,,,,,,,,,7DP3C
m,10.1073/pnas.1807449115,MK040729,,mGinger1,,,,,,,,,,,,,MLLKENMHIKMYMEGTVNGHYFKCKGEGDGNPFAGTQSMRVHVTEGAPLPFAFDILAPCCEYGSKTFVRYPADIPDFFKQSFPEGFTWERTTTYEDGGILTAHQDTSLEGNCLIYKVKVHGTNFPADGPVMKKETCGWEPSTESVYPENGVLRGRNHMALKVGDSHLHCHHSTTYRSKKAERALIMPPRHSTDYCLQITSHKDDEYFELYETSVARYSD,mginger1,1.16,637,587,58000,,106,default,7.9,0.02,mginger1_default,,,,,,,,,,,,,,,,,,,,,,,,,,,,,,,b,,,,,,,,,,,,,,,,,AQ2DU
m,10.1073/pnas.1807449115,MK040730,,mGinger2,,,,,,,,,,,,,MLLKENMHIRMYMEGTVNGHYFKCKGVGDGNPFAGTQSMRVHVTEGAPLPFAFDILAPCCEYGSKTFVRYPADIPDFFKQSFPEGFTWERTTTYEDGGILTAHQDTSLEGNCLIYKVEVHGTNFPADGPVMKKETCGWEPSTESVYPENGVLRGRNHMALKVGDSHLHCHHSTTYRSKKAERALIMPPRHSTDYCLQITSRKDDEYFELHETSVARYSD,mginger2,1.44,631,578,36000,,78,default,6.5,0.04,mginger2_default,,,,,,,,,,,,,,,,,,,,,,,,,,,,,,,b,,,,,,,,,,,,,,,,,GSP4M
m,10.1016/j.chembiol.2009.10.009,,,mGrape1,,,,,,,,,,,,,MASSEDVIKEFMRFKVRMEGSVNGHEFEIEGEGEGRPYEGTQTAKLKVTKGGPLPFAWDILSPQFMYGSKAYVKHPADIPDYLKLSFPEGFKWERVMNFEDGGVVTVTQDSSLQDGEFIYKVKLRGTNFPSDGPVMQKKTMGWEASSERLYPEDGALKGEIKMRLKLKDGGHYDAEAKTTYMAKKPVQLPGAYKLDYKLDITSHNEDYTIVEQYERAEGRHSTGA,mgrape1,1.5,625,595,50000,,70,default,4.5,0.03,mgrape1_default,,,,,,,,,,,,,,,,,,,,,,,,,,,,,,,b,,,,,,,,,,,,,,,,,AL871
m,10.1016/j.chembiol.2009.10.009,,,mGrape2,,,,,,,,,,,,,MVSKGEENNMAVIKEFMRFKVRMEGSVNGHEFEIEGKGEGRPYEGTQTAKLKVTKGGPLPFAWDILSPQFMYGSKAYVKHPPDIPDYMKLSFPEGFKWERVMNFEDGGVVTVTQDSSLQDGEFIYKVKLHGTNFPSDGPVMQKKTMGWEASSERLYPEDGALKGEVKMRLKLKDGGHYDAEVKTTYMAKKPVQLPGAYKLDYKLDITSHNEDYTIVEQYERAEGRHSTGGMDELYK,mgrape2,0.99,636,605,33000,,,default,6.3,0.03,mgrape2_default,,,,,,,,,,,,,,,,,,,,,,,,,,,,,,,b,,,,,,,,,,,,,,,,,H6RGM
m,10.1016/j.chembiol.2009.10.009,,,mGrape3,,,,,,,,,,,,,MVSKGEENNMAVIKEFMRFKTHMEGSVNGHEFEIEGKGEGRPYEGTQTAKLKVTKGGPLPFAWDILSPQMMYGSKAYVKHPPDIPDYMKLSFPEGFKWERVMNFEDGGVVTVTQDSSLQDGEFIYKVKLHGTNFPSDGPVMQKKTMGWEASSERLYPEDGALKGEVKMRLKLKDGGHYDAEVKTTYMAKKPVQLPGAYKLDYKLDITSHNEDYTIVEQYERAEGRHSTGGMDELYK,mgrape3,1.2,646,608,40000,,,default,7,0.03,mgrape3_default,,,,,,,,,,,,,,,,,,,,,,,,,,,,,,,b,,,,,,,,,,,,,,,,,O351D
m,10.1038/nmeth1083,,,mKate,,3BXA,3BXB,,3BXC,3BX9,,,,,,,MSELIKENMHMKLYMEGTVNNHHFKCTSEGEGKPYEGTQTMRIKVVEGGPLPFAFDILATSFMYGSKTFINHTQGIPDFFKQSFPEGFTWERVTTYEDGGVLTATQDTSLQDGCLIYNVKIRGVNFPSNGPVMQKKTLGWEASTEMLYPADGGLEGRSDMALKLVGGGHLICNLKTTYRSKKPAKNLKMPGVYYVDRRLERIKEADKETYVEQHEVAVARYCDLPSKLGHK,mkate,14.85,635,588,45000,,,default,6.2,0.33,mkate_default,,,,,,,,,,,,,,,,,,,,,,,,,,,,,,,b,,,,,,,,,,,,,,,,,WRF55
m,10.1042/bj20081949,,,mKate2,,,,,,,,,,,,,MVSELIKENMHMKLYMEGTVNNHHFKCTSEGEGKPYEGTQTMRIKAVEGGPLPFAFDILATSFMYGSKTFINHTQGIPDFFKQSFPEGFTWERVTTYEDGGVLTATQDTSLQDGCLIYNVKIRGVNFPSNGPVMQKKTLGWEASTETLYPADGGLEGRADMALKLVGGGHLICNLKTTYRSKKPAKNLKMPGVYYVDRRLERIKEADKETYVEQHEVAVARYCDLPSKLGHR,mkate2,25,633,588,62500,2.5,20,default,5.4,0.4,mkate2_default,,,,,,,,,,,,,,,,,,,,,,,,,,,,,,,b,,,,,,,,,,,,,,,,,DBBO8
m,10.1016/j.chembiol.2009.10.009,,,mKate M41G S158C,,,,,,,,,,,,,MSELIKENMHMKLYMEGTVNNHHFKCTSEGEGKPYEGTQTGRIKVVEGGPLPFAFDILATSFMYGSKTFINHTQGIPDFFKQSFPEGFTWERVTTYEDGGVLTATQDTSLQDGCLIYNVKIRGVNFPSNGPVMQKKTLGWEASTEMLYPADGGLEGRCDMALKLVGGGHLICNLKTTYRSKKPAKNLKMPGVYYVDRRLERIKEADKETYVEQHEVAVARYCDLPSKLGHK,mkate-m41g-s158c,16.06,648,593,73000,,,default,,0.22,mkate-m41g-s158c_default,,,,,,,,,,,,,,,,,,,,,,,,,,,,,,,b,,,,,,,,,,,,,,,,,26VNF
m,10.1074/jbc.m800599200,,,mKate S158A,,,,,,,,,,,,,MSELIKENMHMKLYMEGTVNNHHFKCTSEGEGKPYEGTQTMRIKVVEGGPLPFAFDILATSFMYGSKTFINHTQGIPDFFKQSFPEGFTWERVTTYEDGGVLTATQDTSLQDGCLIYNVKIRGVNFPSNGPVMQKKTLGWEASTEMLYPADGGLEGRADMALKLVGGGHLICNLKTTYRSKKPAKNLKMPGVYYVDRRLERIKEADKETYVEQHEVAVARYCDLPSKLGHK,mkate-s158a,22.5,630,585,75000,,,default,5.4,0.3,mkate-s158a_default,,,,,,,,,,,,,,,,,,,,,,,,,,,,,,,b,,,,,,,,,,,,,,,,,BRFP4
m,10.1016/j.chembiol.2009.10.009,,,mKate S158C,,,,,,,,,,,,,MSELIKENMHMKLYMEGTVNNHHFKCTSEGEGKPYEGTQTMRIKVVEGGPLPFAFDILATSFMYGSKTFINHTQGIPDFFKQSFPEGFTWERVTTYEDGGVLTATQDTSLQDGCLIYNVKIRGVNFPSNGPVMQKKTLGWEASTEMLYPADGGLEGRCDMALKLVGGGHLICNLKTTYRSKKPAKNLKMPGVYYVDRRLERIKEADKETYVEQHEVAVARYCDLPSKLGHK,mkate-s158c,20.79,630,586,63000,,,default,,0.33,mkate-s158c_default,,,,,,,,,,,,,,,,,,,,,,,,,,,,,,,b,,,,,,,,,,,,,,,,,W34KB
m,10.1073/pnas.1807449115,MK040731,,mKelly1,,,,,,,,,,,,,MELIKENMRMKLYMEGTVGNHHFKCTAEGEGKPYEGTQTQRIKVVEGGPLPFAFDILATCFMYGSKTFINHPQGIPDFFKQSFPEGFTWERVTTYEDGGVLTVTQDTSLQDGYLIYNVKLRGVNFPSNGPVMQKKTLGWEPTTETLVPVDGGLVGRCDMALRLVGGGHLKCNLKTTYRSKKPAKNLKMPGKYQVDRKLERIKEADNETYVEQHEVAVAR,mkelly1,7.04,656,596,44000,,28,default,5.4,0.16,mkelly1_default,,,,,,,,,,,,,,,,,,,,,,,,,,,,,,,b,,,,,,,,,,,,,,,,,3PP3A
m,10.1073/pnas.1807449115,MK040732,,mKelly2,,,,,,,,,,,,,MELIKENMRMKLYMEGTVGNHHFKCTAEGEGKPYEGTQTQRIKVVEGGPLPFAFDILATCFMYGSKTFINYPQGIPDFFKQSFPEGFTWERVTTYEDGGVLTVTQDTSLQDGYLIYNVKLRGVNFPSNGPVMQKKTLGWEPTTEYLVPVDGGLEGTCDMALRLVGGGHLKCNLKTTYRSKKPAKNLKMPGEHQVDRKLERIKEADNETYVEQHEVAVAR,mkelly2,7.74,649,598,43000,,20,default,5.6,0.18,mkelly2_default,,,,,,,,,,,,,,,,,,,,,,,,,,,,,,,b,,,,,,,,,,,,,,,,,T9G4X
m,10.1016/j.cell.2007.12.033,BAG06989,14335281,mKO2,,,,,,,,,,,,,MVSVIKPEMKMRYYMDGSVNGHEFTIEGEGTGRPYEGHQEMTLRVTMAEGGPMPFAFDLVSHVFCYGHRVFTKYPEEIPDYFKQAFPEGLSWERSLEFEDGGSASVSAHISLRGNTFYHKSKFTGVNFPADGPIMQNQSVDWEPSTEKITASDGVLKGDVTMYLKLEGGGNHKCQMKTTYKAAKEILEMPGDHYIGHRLVRKTEGNITEQVEDAVAHS,mko2,39.56,565,551,63800,,108,default,5.5,0.62,mko2_default,,,,,,,,,,,,,,,,,,,,,,,,,,,,,,,b,,,,,,,,,,,,,,,,,134NN
m,10.1016/j.bios.2009.06.008,,,mLumin,,,,,,,,,,,,,MSELIKENMHMKLYMEGTVNNHHFKCTSEGEGKPYEGTQTMRIKVVEGGPLPFAFDILATSFMYGSKTFINHTQGIPDFFKQSFPEGFTWERVTTYEDGGVLTATQDTSLQDGCLIYNVKIRGVNFPSNGPVMQKKTLGWEAATEMLYPADGGLEGRSDMALKLVGGGHLICNLKTTYRSKKPAKNLKMPGVYYVDRRLERIKEADKETYVEQHEVAVARYCDLPSKLGHK,mlumin,32.2,621,587,70000,,76,default,4.7,0.46,mlumin_default,,,,,,,,,,,,,,,,,,,,,,,,,,,,,,,b,,,,,,,,,,,,,,,,,UQCHR
m,10.1038/nmeth.4045,AOY07814,,mMaroon1,,,,,,,,,,,,,MVSKGEELIKENMHTKLYLTGTVNNHYFECTAEGEGKPYEGTQTNRIKVVRGGPLPFAFDILAPCFMYGSKTFINHPPDIPDYFKQSFPEGFTWERTTVYEDGGTLTATQDTSLQDGCLIYNVQVRGENFPSNGPVMQKKTLGWEASTETLYPADGSLEGRLDWALKLVGGGHLHCRLETTYRSKKPAKNLKMPGVYFIDRRLERIKEADNETYVEQHEVAVARYCDLPSKLGHKLNGMDELYK,mmaroon1,8.8,657,609,80000,,20,default,6.2,0.11,mmaroon1_default,,,,,,,,,,,,,,,,,,,,,,,,,,,,,,,b,,,,,,,,,,,,,,,,,RATTD
m,10.1074/jbc.m109.019042,,,mNectarine,,,,,,,,,,,,,MVSKGEEDNMAIIKEFMRFKVHMEGSVNGHEFEIEGEGEGRPYEGTQTAKLKVTKGGPLPFAWDILSPQFCYGSKAYVKHPADIPDYLKLSFPEGFNWERVMNLEDGGVVTVTQDSSLQDGEFIYKVKLRGTNFPSDGPVMQCRTVGWEASTERMHPEDGALKGEIMQRLKLKDGGHYDAEVKTTYKAKKPVQLPGAYNVDIKLDITSHNEDYTIVELYERAEGRHSTGGMDELYK,mnectarine,26.1,578,558,58000,,30,default,6.9,0.45,mnectarine_default,,,,,,,,,,,,,,,,,,,,,,,,,,,,,,,b,,,,,,,,,,,,,,,,,4O71N
m,10.1016/j.chembiol.2009.10.009,ACZ95826,19025958,mNeptune,,,,,,,,,,,,,MVSKGEELIKENMHMKLYMEGTVNNHHFKCTSEGEGKPYEGTQTGRIKVVEGGPLPFAFDILATCFMYGSKTFINHTQGIPDFFKQSFPEGFTWERVTTYEDGGVLTATQDTSLQDGCLIYNVKIRGVNFPSNGPVMQKKTLGWEASTETLYPADGGLEGRCDMALKLVGGGHLICNLKTTYRSKKPAKNLKMPGVYFVDRRLERIKEADKETYVEQHEVAVARYCDLPSKLGHKLNGMDELYK,mneptune,13.4,650,600,67000,,35,default,5.4,0.2,mneptune_default,,,,,,,,,,,,,,,,,,,,,,,,,,,,,,,b,,,,,,,,,,,,,,,,,1LT8G
m,10.1038/nmeth.2888,AHL19968,49083568,mNeptune2,,,,,,,,,,,,,MVSKGEELIKENMHMKLYMEGTVNNHHFKCTSEGEGKPYEGTQTGRIKVVEGGPLPFAFDILATCFMYGSKTFINHTQGIPDFFKQSFPEGFTWERVTTYEDGGVLTVTQDTSLQDGCLIYNVKLRGVNFPSNGPVMQKKTLGWEASTETLYPADGGLEGRCDMALKLVGGGHLHCNLKTTYRSKKPAKNLKMPGVYFVDRRLERIKEADNETYVEQHEVAVARYCDLPSKLGHKLNGMDELYK,mneptune2,21.36,651,599,89000,,27,default,6.3,0.24,mneptune2_default,,,,,,,,,,,,,,,,,,,,,,,,,,,,,,,b,,,,,,,,,,,,,,,,,VXEVZ
m,10.1038/nmeth.2888,AHL19969,49083569,mNeptune2.5,,,,,,,,,,,,,MVSKGEELIKENMHTKLYMEGTVNNHHFKCTHEGEGKPYEGTQTNRIKVVEGGPLPFAFDILATCFMYGSKTFINHTQGIPDFFKQSFPEGFTWERVTTYEDGGVLTVTQDTSLQDGCLIYNVKLRGVNFPSNGPVMQKKTLGWEASTETLYPADGGLEGRCDMALKLVGGGHLHCNLKTTYRSKKPAKNLKMPGVYFVDRRLERIKEADNETYVEQHEVAVARYCDLPSKLGHKLNGMDELYK,mneptune25,22.8,643,599,95000,,26,default,5.8,0.24,mneptune25_default,,,,,,,,,,,,,,,,,,,,,,,,,,,,,,,b,,,,,,,,,,,,,,,,,OADBJ
m,10.1371/journal.pone.0148749,,,mNeptune681,,,,,,,,,,,,,MVSKGEELIKENMHMKLYMEGTVNNHHFKCTSEGEGKPYEGTQTQRIKVVEGGPLPFAFDILATCFMYGSKTFINHTQGIPDFFKQSFPEGFTWERVTTYEDGGVLTATQDTSLQDGCLIYNVKIRGVNFPSNGPVMQKKTLGWEANTETLYPADGGLRGHNQMALKLVGGGHLICNLKTTYRSKKPAKNLKMPGVYFVDRRLERIKEADKETYVEQHEVAVARYCDLPSKLGHKLNGMDELYK,mneptune681,1.52,681,604,38000,,,default,7.3,0.04,mneptune681_default,,,,,,,,,,,,,,,,,,,,,,,,,,,,,,,b,,,,,,,,,,,,,,,,,REVUQ
m,10.1371/journal.pone.0148749,,,mNeptune684,,,,,,,,,,,,,MVSKGEELIKENMHMKLYMEGTVNNHHFKCTSEGEGKPYEGTQTQRIKVVEGGPLPFAFDILATCFMYGSKTFINHTQGIPDFFKQSFPEGFTWERVTTYEDGGVLTATQDTSLQDGCLIYNVKIRGVNFPSNGPVMQKKTLGWEANTETLYPADGGLRGHNPMALKLVGGGHLICNLKTTYRSKKPAKNLKMPGVYFVDRRLERIKEADKETYVEQHEVAVARYCDLPSKLGHKLNGMDELYK,mneptune684,1.17,684,604,39000,,,default,6.5,0.03,mneptune684_default,,,,,,,,,,,,,,,,,,,,,,,,,,,,,,,b,,,,,,,,,,,,,,,,,Q8TQ6
,10.1038/nbt1207,,,Montipora sp. #20-9115,,,,,,,,,,,,,MVSVIAKQMTYKVYMSGTVNGHYFEVEGDGKGKPYEGEQTVKLTVTKGGPLPFAWDILSPLSQYGSIPFTKYPEDIPDYVKQSFPEGYTWERIMNFEDGAVCTVSNDSSIQGNCFIYNVKISGVNFPPNGPVMQKKTQGWEPSTERLFARDGMLIGNDFMALKLEGGGHYLCEFKSTYKAKKPVRMPGYHYVDRKLDVTSHNRDYTSVEQCEISIARHSLLG,montipora-sp-20-9115,,606,580,,,,default,,,montipora-sp-20-9115_default,,,,,,,,,,,,,,,,,,,,,,,,,,,,,,,b,,,,,,,,,,,,,,,,,C69E5
m,10.1039/c6cc09997a,,,moxDendra2,,,,,,,,,,,,,MNTPGINLIKEDMRVKVHMEGNVNGHAFVIEGEGKGKPYEGTQTAQLTVKEGAPLPFSYDILTTAVHYGNRVFTKYPEDIPDYFKQSFPEGYSWERTMTFEDKGIATIRSDISLEGDTFFQNVRFKGTNFPPNGPVMQKKTLKWEPSTEKLHVRDGLLVGNINMALLLEGGGHYLADFKTTYKAKKVVQLPDAHFVDHRIEILGQDSDYNKVKLYEHAVARYSPLPSQVW,moxdendra2,25.15,504,490,50300,,,Green,,0.5,moxdendra2_green,17.16,571,551,31200,,,Red,,0.55,moxdendra2_red,,,,,,,,,,,,,,,,,,,,,pc,moxdendra2_green,moxdendra2_red,405,,,,,,,,,,,,,,Y46HX
m,10.1073/pnas.0407752101,AAV65487,3876945,mPlum,,2QLG,,,,,,,,,,,MVSKGEEVIKEFMRFKEHMEGSVNGHEFEIEGEGEGRPYEGTQTARLKVTKGGPLPFAWDILSPQIMYGSKAYVKHPADIPDYLKLSFPEGFKWERVMNFEDGGVVTVTQDSSLQDGEFIYKVKVRGTNFPSDGPVMQKKTMGWEASSERMYPEDGALKGEMKMRLRLKDGGHYDAEVKTTYMAKKPVQLPGAYKTDIKLDITSHNEDYTIVEQYERAEGRHSTGA,mplum,4.1,649,590,41000,,100,default,4.5,0.1,mplum_default,,,,,,,,,,,,,,,,,,,,,,,,,,,,,,,b,,,,,,,,,,,,,,,,Q5S3G7,XU2WO
m,10.1371/journal.pone.0052463,,,mPlum-E16P,,4H3L,,,,,,,,,,,MVSKGEEVIKEFMRFKPHMEGSVNGHEFEIEGEGEGRPYEGTQTARLKVTKGGPLPFAWDILSPQIMYGSKAYVKHPADIPDYLKLSFPEGFKWERVMNFEDGGVVTVTQDSSLQDGEFIYKVKVRGTNFPSDGPVMQKKTMGWEASSERMYPEDGALKGEMKMRLRLKDGGHYDAEVKTTYMAKKPVQLPGAYKTDIKLDITSHNEDYTIVEQYERAEGRHSTGA,mplum-e16p,,630,590,,,,default,4.7,0.14,mplum-e16p_default,,,,,,,,,,,,,,,,,,,,,,,,,,,,,,,b,,,,,,,,,,,,,,,,,TCPO9
m,10.1073/pnas.0407752101,AAV65486,3877009,mRaspberry,,,,,,,,,,,,,MVSKGEEVIKEFMRFKVRMEGSVNGHEFEIEGEGEGRPYEGTQTAKLKVTKGGPLPFAWDILSPQCMYGSKGYVKHPADIPDYLKLSFPEGFKWERVMNFEDGGVVTVTQDSSLQDGEFIYKVKLRGTNFPSDGPVMQKKTMGWEASSERMYPEDGALKGEMKMRLKLKDGGHYDAEVKTTYMAKKPVQLPGAYKTDIKLDITSHNEDYTIVEQYERAEGRHSTGA,mraspberry,12.9,625,598,86000,,,default,,0.15,mraspberry_default,,,,,,,,,,,,,,,,,,,,,,,,,,,,,,,b,,,,,,,,,,,,,,,,Q5S3G8,V5FM2
m,10.1038/nmeth.4074,,,mRed7,,,,,,,,,,,,,MVSKGEEVIKEFMQFKVHMEGSVNGHEFEIEGEGEGRPYEGTQTAKLKVTKGGPLPFAWDILSPQFMYGSKAYVKHPADIPDYFKLSFPEGFKWERVMNFEDGGAVTVTQDSSLEDGTLIYKVKFRGTNFPPDGPVMQKKTMGWEPSTERLYPQDGVLKGEISQALKLKDGGHYLVDFKTTYMAKKPVQLPGAYNVDTKLDITSHNEDYTVVEQYERSEGRHSTGGMDELYK,mred7,,606,589,,0.43,,default,,,mred7_default,,,,,,,,,,,,,,,,,,,,,,,,,,,,,,,b,,,,,,,,,,,,,,,,,1NW9S
m,10.1038/nmeth.4074,,,mRed7Q1,,,,,,,,,,,,,MVSKGEEVIKEFMQFKVHMEGSVNGHEFEIEGEGEGRPYEGTQTAKLKVTKGGPLPFAWDILSPQFMYGSRAYVKHPADIPDYFKLSFPEGFKWERVMNFEDGGAVTVTQDSSLEDGTLIYKVKFRGTNFPPDGPVMQKKTMGWEPSTERLYPQDGVLKGEISQALKLKDGGHYLVDFKTTYMAKKPVQLPGAYNVDRKLDITSHNEDYTVVEQYERAEGRHSTGGMDELYK,mred7q1,,591,560,,2.29,,default,,,mred7q1_default,,,,,,,,,,,,,,,,,,,,,,,,,,,,,,,b,,,,,,,,,,,,,,,,,TJBUO
m,10.1038/nmeth.4074,,,mRed7Q1S1,,,,,,,,,,,,,MVSKGEEVIKEFMQFKVHMEGSVNGHEFEIEGEGEGRPYEGTQTAKLKVTKGGPLPFAWDILSPQFMYGSRAYTKHPADIPDYFKLSFPEGFKWERVMNFEDGGAVTVTQDSSLEDGTLIYKVKFRGTNFPPDGPVMQKKTMGWEPSTERLYPQDGVLKGEISMALKLKDGGHYLVDFKTTYMAKKPVQLPGAYNVDRKLDITSHNEDYTVVEQYERAEGRHSTGGMDELYK,mred7q1s1,,595,569,,,,default,,,mred7q1s1_default,,,,,,,,,,,,,,,,,,,,,,,,,,,,,,,b,,,,,,,,,,,,,,,,,9TBLQ
m,10.1038/nmeth.4074,,,mRed7Q1S1BM,,,,,,,,,,,,,MVSKGEAVIKEFMRFKVHMEGSMNGHEFEIEGEGEGRPYEGTQTAKLKVTKGGPLPFSWDILSPQFMYGSRAFTKHPADIPDYFKQSFPEGFKWERVMNFEDGGAVTVTQDTSLEDGTLIYKVKLRGTNFPPDGPVMQKKTMGWEASTERLYPEDGVLKGDIKMALRLKDGGRYLVDFKTTYKAKKPVQMPGAYNVDRELDITSHNEDYTVVEQYERSEGRHSTGGMDELYK,mred7q1s1bm,,596,569,,3.3,,default,,,mred7q1s1bm_default,,,,,,,,,,,,,,,,,,,,,,,,,,,,,,,b,,,,,,,,,,,,,,,,,86QDA
m,10.1073/pnas.082243699,CAH64892,570910,mRFP1,,,,,,,,,,,,,MASSEDVIKEFMRFKVRMEGSVNGHEFEIEGEGEGRPYEGTQTAKLKVTKGGPLPFAWDILSPQFQYGSKAYVKHPADIPDYLKLSFPEGFKWERVMNFEDGGVVTVTQDSSLQDGEFIYKVKLRGTNFPSDGPVMQKKTMGWEASTERMYPEDGALKGEIKMRLKLKDGGHYDAEVKTTYMAKKPVQLPGAYKTDIKLDITSHNEDYTIVEQYERAEGRHSTGA,mrfp1,12.5,607,584,50000,,60,default,4.5,0.25,mrfp1_default,,,,,,,,,,,,,,,,,,,,,,,,,,,,,,,b,,,,,,,,,,,,,,,,,5YCFA
m,10.1038/nbt1037,,,mRFP1.1,,,,,,,,,,,,,MASSEDVIKEFMRFKVRMEGSVNGHEFEIEGEGEGRPYEGTQTAKLKVTKGGPLPFAWDILSPQFMYGSKAYVKHPADIPDYLKLSFPEGFKWERVMNFEDGGVVTVTQDSSLQDGEFIYKVKLRGTNFPSDGPVMQKKTMGWEASSERMYPEDGALKGEIKMRLKLKDGGHYDAEVKTTYMAKKPVQLPGAYKTDIKLDITSHNEDYTIVEQYERAEGRHSTGA,mrfp11,,612,589,,,,default,,,mrfp11_default,,,,,,,,,,,,,,,,,,,,,,,,,,,,,,,b,,,,,,,,,,,,,,,,,EY795
m,,,,mRFP1.2,,,,,,,,,,,,,MVSKGEEVIKEFMRFKVRMEGSVNGHEFEIEGEGEGRPYEGTQTAKLKVTKGGPLPFAWDILSPQFMYGSKAYVKHPADIPDYLKLSFPEGFKWERVMNFEDGGVVTVTQDSSLQDGEFIYKVKLRGTNFPSDGPVMQKKTMGWEASSERMYPEDGALKGEIKMRLKLKDGGHYDAEVKTTYMAKKPVQLPGAYKTDIKLDITSHNEDYTIVEQYERAEGRHSTGA,mrfp12,,612,590,,,,default,,,mrfp12_default,,,,,,,,,,,,,,,,,,,,,,,,,,,,,,,b,,,,,,,,,,,,,,,,,HMOJG
m,10.1038/nmeth901,,,mRFP1-Q66C,,,,,,,,,,,,,MASSEDVIKEFMRFKVRMEGSVNGHEFEIEGEGEGRPYEGTQTAKLKVTKGGPLPFAWDILSPQFCYGSKAYVKHPADIPDYLKLSFPEGFKWERVMNFEDGGVVTVTQDSSLQDGEFIYKVKLRGTNFPSDGPVMQKKTMGWEASTERMYPEDGALKGEIKMRLKLKDGGHYDAEVKTTYMAKKPVQLPGAYKTDIKLDITSHNEDYTIVEQYERAEGRHSTGA,mrfp1-q66c,10.49,580,559,31800,,10.8,default,,0.33,mrfp1-q66c_default,,,,,,,,,,,,,,,,,,,,,,,,,,,,,,,b,,,,,,,,,,,,,,,,,MSSUL
m,10.1038/nmeth901,,,mRFP1-Q66S,,,,,,,,,,,,,MASSEDVIKEFMRFKVRMEGSVNGHEFEIEGEGEGRPYEGTQTAKLKVTKGGPLPFAWDILSPQFSYGSKAYVKHPADIPDYLKLSFPEGFKWERVMNFEDGGVVTVTQDSSLQDGEFIYKVKLRGTNFPSDGPVMQKKTMGWEASTERMYPEDGALKGEIKMRLKLKDGGHYDAEVKTTYMAKKPVQLPGAYKTDIKLDITSHNEDYTIVEQYERAEGRHSTGA,mrfp1-q66s,11.52,569,555,32900,,54,default,,0.35,mrfp1-q66s_default,,,,,,,,,,,,,,,,,,,,,,,,,,,,,,,b,,,,,,,,,,,,,,,,,CQCQT
m,10.1073/pnas.1013910107,,,mRojoA,,3NEZ,,,,,,,,,,,MVSKGEEDNMAIIKEFMRFKTHMEGSVNGHEFEIEGEGEGRPYEGTQTAKLKVTKGGPLPFAWDILSPQFMYGSKAYVKHPADIPDYLKLSFPEGFKWERVMNFEDGGVVTVTQDSSLQDGEFIYKVKLHGTNFPSDGPVMQKKTMGWEASSERMYPEDGALKGEIKLRLKLKDGGHYDAEVKTTYKAKKPVQLPGAYNANYKLDITSHNEDYTIVEQYERCEGRHSTGGMDELYK,mrojoa,0.96,633,597,48000,,,default,5.4,0.02,mrojoa_default,,,,,,,,,,,,,,,,,,,,,,,,,,,,,,,b,,,,,,,,,,,,,,,,,QEO8D
m,10.1073/pnas.1013910107,,,mRojoB,,,,,,,,,,,,,MVSKGEEDNMAIIKEFMRFKTHMEGSVNGHEFEIEGEGEGRPYEGTQTAKLKVTKGGPLPFAWDILSPQFMYGSKAYVKHPADIPDYLKLSFPEGFKWERVMNFEDGGVVTVTQDSSLQDGEFIYKVKLHGTNFPSDGPVMQKKTMGWEASSERMYPEDGAMKGEIKLRLKLKDGGHYDAEVKTTYKAKKPVQLPGAYNANYKLDITSHNEDYTIVEQYERCEGRHSTGGMDELYK,mrojob,3.66,631,598,61000,,,default,5,0.06,mrojob_default,,,,,,,,,,,,,,,,,,,,,,,,,,,,,,,b,,,,,,,,,,,,,,,,,6LJKY
m,10.1073/pnas.1013910107,,,mRouge,,3NED,,,,,,,,,,,MVSKGEEDNMAIIKEFMRFKTHMEGSVNGHEFEIEGEGEGRPYEGTQTAKLKVTKGGPLPFAWDILSPQFMYGSKAYVKHPADIPDYLKLSFPEGFKWERVMNFEDGGVVTVTQDSSLQDGEFIYKVKLRGTNFPSDGPVMQKKTMGWEACSERMYPEDGALKGEMKMRLKLKDGGHYDAEVKTTYKAKKPVQLPGAYNTNTKLDITSHNEDYTIVEQYERNEGRHSTGGMDELYK,mrouge,0.86,637,600,43000,,,default,6.1,0.02,mrouge_default,,,,,,,,,,,,,,,,,,,,,,,,,,,,,,,b,,,,,,,,,,,,,,,,,JXVU8
m,10.1371/journal.pone.0041028,,,mRtms5,,,,,,,,,,,,,MSVIATQMTYKVYMSGTVNGHYFEVEGDGKGRPYEGEQTVKLTATKGGPLPFAWDILSPQCQYGSIPFTKYPEDIPDYVKQSFPEGFTWERIMNFEDGAVCTVSNDSSIQGNCFTYHVKFRGLNFPPNGPVMQKKTQGWEPHSERLFARGGMLIGNNRMALKLEGGGHYLCEFKTTYKAKKPVKMPGYHYVDRKLDVTNHNKDYTSVEQCEISIARKPVVA,mrtms5,0.27,633,588,54100,,,default,,0.005,mrtms5_default,,,,,,,,,,,,,,,,,,,,,,,,,,,,,,,b,,,,,,,,,,,,,,,,,FD244
m,10.1371/journal.pone.0004391,,,mRuby,,3U0M,3U0L,,3U0N,,,,,,,,MNSLIKENMRMKVVLEGSVNGHQFKCTGEGEGNPYMGTQTMRIKVIEGGPLPFAFDILATSFMYGSRTFIKYPKGIPDFFKQSFPEGFTWERVTRYEDGGVITVMQDTSLEDGCLVYHAQVRGVNFPSNGAVMQKKTKGWEPNTEMMYPADGGLRGYTHMALKVDGGGHLSCSFVTTYRSKKTVGNIKMPGIHAVDHRLERLEESDNEMFVVQREHAVAKFAGLGGG,mruby,39.2,605,558,112000,2.6,168,default,4.4,0.35,mruby_default,,,,,,,,,,,,,,,,,,,,,,,,,,,,,,,b,,,,,,,,,,,,,,,,,6KLAW
m,10.1038/nmeth.2171,AFR60232,30275455,mRuby2,,,,,,,,,,,,,MVSKGEELIKENMRMKVVMEGSVNGHQFKCTGEGEGNPYMGTQTMRIKVIEGGPLPFAFDILATSFMYGSRTFIKYPKGIPDFFKQSFPEGFTWERVTRYEDGGVVTVMQDTSLEDGCLVYHVQVRGVNFPSNGPVMQKKTKGWEPNTEMMYPADGGLRGYTHMALKVDGGGHLSCSFVTTYRSKKTVGNIKMPGIHAVDHRLERLEESDNEMFVVQREHAVAKFAGLGGGMDELYK,mruby2,42.94,600,559,113000,2.5,150,default,5.3,0.38,mruby2_default,,,,,,,,,,,,,,,,,,,,,,,,,,,,,,,b,,,,,,,,,,,,,,,,,8MJ78
m,10.1038/srep20889,ATE88097,,mRuby3,,,,,,,,,,,,,MVSKGEELIKENMRMKVVMEGSVNGHQFKCTGEGEGRPYEGVQTMRIKVIEGGPLPFAFDILATSFMYGSRTFIKYPADIPDFFKQSFPEGFTWERVTRYEDGGVVTVTQDTSLEDGELVYNVKVRGVNFPSNGPVMQKKTKGWEPNTEMMYPADGGLRGYTDIALKVDGGGHLHCNFVTTYRSKKTVGNIKMPGVHAVDHRLERIEESDNETYVVQREVAVAKYSNLGGGMDELYK,mruby3,57.6,592,558,128000,,136.5,default,4.8,0.45,mruby3_default,,,,,,,,,,,,,,,,,,,,,,,,,,,,,,,b,,,,,,,,,,,,,,,,,MZMFB
m,10.3390/ijms23063208,,,mRubyFT,,,,,,,,,,,,,MVSKGEELIKENMRMKVVMEGSVNGHQFKCTGEGEGNPYMGTQTMRIKVIEGGPLPFAFDILATSFLYGSRTFIKYPKGIPDFFKQSFPEGFTWERVTRYEDGGVVTVMQDTSLEDGCLVYHVQVRGVDFPSNGPVMQKKTKGWEPSTEMMYPADGGLRGYTHMALKVDGGGHLSCSFVTTYRSKKTVGNIKMPGIHAVDHRLERLEESDNEMFVVLREHSVAKFAGRGGMDELYK,mrubyft,16.38,457,408,26000,,342,Blue-form,3.9,0.63,mrubyft_blue-form,2.55,624,582,29600,,900,Red-form,4.5,0.086,mrubyft_red-form,,,,,,,,,,,,,,,,,,,,,t,,,,,,,,,,,,,,,,,9JNRR
m,10.1039/d1sc05088e,,,mSandy2,,,,,,,,,,,,,MAIIKEFMRFKVHMEGSVNGHEFEIEGEGEGRPYEGTQTAKLKVTKGGPLPFAWDILSLQFMYGSKAYVKHPADIPDYLKLSFPEGFKWERVMNFEDGGVVTVTQDSSLQDGEFIYKVKLHGTNFPSDGPVMQKKTMGSEASSERMYPEDGALKGEVKVRFKLKDGGHYVAEVKTTYKAKKPVQLPGAYYANIKMDITSHNEDYTIVEQYERCEGRHSTGGMDELYK,msandy2,27.65,606,581,79000,,,Basic,,0.35,msandy2_basic,,,,,,,,,,,,,,,,,,,,,,,,,,,,,,,b,,,,,,,,,,,,,,,,,OS9DX
m,10.1038/nmeth.4074,APD76535,129830964,mScarlet,,5LK4,,,,,,,,,,,MVSKGEAVIKEFMRFKVHMEGSMNGHEFEIEGEGEGRPYEGTQTAKLKVTKGGPLPFSWDILSPQFMYGSRAFTKHPADIPDYYKQSFPEGFKWERVMNFEDGGAVTVTQDTSLEDGTLIYKVKLRGTNFPPDGPVMQKKTMGWEASTERLYPEDGVLKGDIKMALRLKDGGRYLADFKTTYKAKKPVQMPGAYNVDRKLDITSHNEDYTVVEQYERSEGRHSTGGMDELYK,mscarlet,70,594,569,100000,3.9,174,default,5.3,0.7,mscarlet_default,,,,,,,,,,,,,,,,,,,,,,,,,,,,,,,b,,,,,,,,,,,,,,,,,FVS3D
m,10.1038/s41592-023-01809-y,,,mScarlet-220A,,,,,,,,,,,,,MVSKGEAVIKEFMRFKVHMEGSMNGHEFEIEGEGEGRPYEGTQTAKLKVTKGGPLPFSWDILSPQFMYGSRAFTKHPADIPDYYKQSFPEGFKWERVMNFEDGGAVTVTQDTSLEDGTLIYKVKLRGTNFPPDGPVMQKKTMGWEASTERLYPEDGVLKGDIKMALRLKDGGRYLADFKTTYKAKKPVQMPGAYNVDRKLDITSHNEDYTVVEQYERSEARHSTGGMDELYK,mscarlet-220a,63.46,594,568,95000,,,default,,0.668,mscarlet-220a_default,,,,,,,,,,,,,,,,,,,,,,,,,,,,,,,b,,,,,,,,,,,,,,,,,ZHYAA
m,10.1038/s41592-023-01809-y,,,mScarlet-2A,,,,,,,,,,,,,MVSKGEAVIKEFMRFKVHMEGSMNGHEFEIEGEGEGRPYEGTQTAKLKVTKGGPLPFSWDILSPQFMYGSRAFTKHPADIPDYYKQSFPEGFKWERVMNFEDGGAVSVTQDTSLEDGTLIYKVKLRGTNFPPDGPVMQKKTMGWEASTERLYPEDVVLKGDIKMALRLKDGGRYLADFKTTYKAKKPVQMPGAYNIDRKLDITSHNEDYTVVEQYERSVARHSTGGMDELYK,mscarlet-2a,66.44,592,568,97000,,,default,,0.685,mscarlet-2a_default,,,,,,,,,,,,,,,,,,,,,,,,,,,,,,,b,,,,,,,,,,,,,,,,,2G7N6
m,10.1038/s41592-023-01809-y,,,mScarlet-2A-84W,,,,,,,,,,,,,MVSKGEAVIKEFMRFKVHMEGSMNGHEFEIEGEGEGRPYEGTQTAKLKVTKGGPLPFSWDILSPQFMYGSRAFTKHPADIPDYWKQSFPEGFKWERVMNFEDGGAVSVTQDTSLEDGTLIYKVKLRGTNFPPDGPVMQKKTMGWEASTERLYPEDVVLKGDIKMALRLKDGGRYLADFKTTYKAKKPVQMPGAYNIDRKLDITSHNEDYTVVEQYERSVARHSTGGMDELYK,mscarlet-2a-84w,67.9,592,568,97000,,,default,,0.7,mscarlet-2a-84w_default,,,,,,,,,,,,,,,,,,,,,,,,,,,,,,,b,,,,,,,,,,,,,,,,,5CEBO
m,10.1038/s41592-023-01809-y,,,mScarlet3,,7ZCT,,,,,,,,,,,MDSTEAVIKEFMRFKVHMEGSMNGHEFEIEGEGEGRPYEGTQTAKLRVTKGGPLPFSWDILSPQFMYGSRAFTKHPADIPDYWKQSFPEGFKWERVMNFEDGGAVSVAQDTSLEDGTLIYKVKLRGTNFPPDGPVMQKKTMGWEASTERLYPEDVVLKGDIKMALRLKDGGRYLADFKTTYRAKKPVQMPGAFNIDRKLDITSHNEDYTVVEQYERSVARHSTGGSGGS,mscarlet3,78,592,569,104000,4,37,default,4.5,0.75,mscarlet3_default,,,,,,,,,,,,,,,,,,,,,,,,,,,,,,,b,,,,,,,,,,,,,,,,,1AFJZ
m,10.1038/nmeth.4074,APD76537,129830966,mScarlet-H,,,,,,,,,,,,,MVSKGEAVIKEFMRFKVHMEGSMNGHEFEIEGEGEGRPYEGTQTAKLKVTKGGPLPFSWDILSPQFMYGSRAFTKHPADIPDYYKQSFPEGFKWERVMNFEDGGAVTVTQDTSLEDGTLIYKVKLRGTNFPPDGPVMQKKTMGWEASTERLYPEDGVLKGDIKHALRLKDGGRYLADFKTTYKAKKPVQMPGAYNVDRKLDITSHNEDYTVVEQYERSEGRHSTGGMDELYK,mscarlet-h,14.8,592,551,74000,1.3,264,default,4.8,0.2,mscarlet-h_default,,,,,,,,,,,,,,,,,,,,,,,,,,,,,,,b,,,,,,,,,,,,,,,,,588N2
m,10.1038/nmeth.4074,APD76536,129830965,mScarlet-I,,,,,,,,,,,,,MVSKGEAVIKEFMRFKVHMEGSMNGHEFEIEGEGEGRPYEGTQTAKLKVTKGGPLPFSWDILSPQFMYGSRAFIKHPADIPDYYKQSFPEGFKWERVMNFEDGGAVTVTQDTSLEDGTLIYKVKLRGTNFPPDGPVMQKKTMGWEASTERLYPEDGVLKGDIKMALRLKDGGRYLADFKTTYKAKKPVQMPGAYNVDRKLDITSHNEDYTVVEQYERSEGRHSTGGMDELYK,mscarlet-i,56.16,593,569,104000,3.1,36,default,5.4,0.54,mscarlet-i_default,,,,,,,,,,,,,,,,,,,,,,,,,,,,,,,b,,,,,,,,,,,,,,,,,6VVTK
m,10.1038/s41592-023-01809-y,,,mScarlet-I-220A,,,,,,,,,,,,,MVSKGEAVIKEFMRFKVHMEGSMNGHEFEIEGEGEGRPYEGTQTAKLKVTKGGPLPFSWDILSPQFMYGSRAFIKHPADIPDYYKQSFPEGFKWERVMNFEDGGAVTVTQDTSLEDGTLIYKVKLRGTNFPPDGPVMQKKTMGWEASTERLYPEDGVLKGDIKMALRLKDGGRYLADFKTTYKAKKPVQMPGAYNVDRKLDITSHNEDYTVVEQYERSEARHSTGGMDELYK,mscarlet-i-220a,54.3,594,568,100000,,,default,,0.543,mscarlet-i-220a_default,,,,,,,,,,,,,,,,,,,,,,,,,,,,,,,b,,,,,,,,,,,,,,,,,3DUUH
m,10.1038/s41592-023-01809-y,,,mScarlet-I3,,,,,,,,,,,,,MDSTEAVIKEFMRFKVHMEGSMNGHEFEIEGEGEGRPYEGTQTAKLKVTKGGPLPFSWDILSPQFMYGSRAFIKHPADIPDYWKQSFPEGFKWERVMIFEDGGTVSVTQDTSLEDGTLIYKVKLRGGNFPPDGPVMQKRTMGWEASTERLYPEDVVLKGDIKMALRLKDGGRYLADFKTTYKAKKPVQMPGAFNIDRKLDITSHNEDYTVVEQYERSVARHSTGGSGGS,mscarlet-i3,68.25,592,568,105000,3.6,2,default,4.2,0.65,mscarlet-i3_default,,,,,,,,,,,,,,,,,,,,,,,,,,,,,,,b,,,,,,,,,,,,,,,,,THSBS
m,10.1038/s41592-023-01809-y,,,mScarlet-I3-NCwt,,,,,,,,,,,,,MVSKGEAVIKEFMRFKVHMEGSMNGHEFEIEGEGEGRPYEGTQTAKLKVTKGGPLPFSWDILSPQFMYGSRAFIKHPADIPDYWKQSFPEGFKWERVMIFEDGGTVSVTQDTSLEDGTLIYKVKLRGGNFPPDGPVMQKRTMGWEASTERLYPEDVVLKGDIKMALRLKDGGRYLADFKTTYKAKKPVQMPGAFNIDRKLDITSHNEDYTVVEQYERSVARHSTGGMDELYK,mscarlet-i3-ncwt,66.61,592,567,102000,,,default,,0.653,mscarlet-i3-ncwt_default,,,,,,,,,,,,,,,,,,,,,,,,,,,,,,,b,,,,,,,,,,,,,,,,,1VSM7
m,10.1021/acschembio.6b00579,,,mStable,,,,,,,,,,,,,MVSELIKENMHMKLYMEGTVNNHHFKCTSEGEGKPYEGTQTMRIKAVEGGPLPFAFDILATSFMYGSKTFINHTQGIPDFFKQSFPEGFTWERVTTYEDGGVLTATQDTSLQDGCLIYNVKIRGVNFPSNGPVMQKKTLGWEACTETLYPADGGLEGRADMALKLVGGGHLICNLKTTYRSKKPAKNLKMPGVYYVDRRLERIKEADKETYVEQHEVAVARYCDLPSKLGHR,mstable,7.65,633,597,45000,,,default,,0.17,mstable_default,,,,,,,,,,,,,,,,,,,,,,,,,,,,,,,b,,,,,,,,,,,,,,,,,DKZQ7
m,10.1038/nbt1037,,,mStrawberry,,2H5R,,,,,,,,,,,MVSKGEENNMAIIKEFMRFKVRMEGSVNGHEFEIEGEGEGRPYEGTQTAKLKVTKGGPLPFAWDILTPNFTYGSKAYVKHPADIPDYLKLSFPEGFKWERVMNFEDGGVVTVTQDSSLQDGEFIYKVKLRGTNFPSDGPVMQKKTMGWEASSERMYPEDGALKGEIKMRLKLKDGGHYDAEVKTTYKAKKPVQLPGAYIVGIKLDITSHNEDYTIVELYERAEGRHSTGGMDELYK,mstrawberry,26.1,596,574,90000,,50,default,4.5,0.29,mstrawberry_default,,,,,,,,,,,,,,,,,,,,,,,,,,,,,,,b,,,,,,,,,,,,,,,,,TN3DM
m,10.1038/nbt1037,AAV52170,3838142,mTangerine,,,,,,,,,,,,,MASSEDVIKEFMRFKVRMEGSVNGHEFEIEGEGEGRPYEGTQTAKLKVTKGGPLPFAWDILSPQFCYGSKAYVKHPADIPDYLKLSFPEGFKWERVMNFEDGGVVTVTQDSSLQDGEFIYKVKLRGTNFPSDGPVMQKKTMGWEASSERMYPEDGALKGEIKMRLKLKDGGHYDAEVKTTYMAKKPVQLPGAYKTDIKLDITSHNEDYTIVELYERAEGRHSTGA,mtangerine,11.4,585,568,38000,,,default,5.7,0.3,mtangerine_default,,,,,,,,,,,,,,,,,,,,,,,,,,,,,,,b,,,,,,,,,,,,,,,,,N63O3
d,10.1016/j.chembiol.2009.10.009,ACZ95825,19025957,Neptune,,3IP2,,,,,,,,,,,MVSKGEELIKENMHMKLYMEGTVNNHHFKCTSEGEGKPYEGTQTGRIKVVEGGPLPFAFDILATCFMYGSKTFINHTQGIPDFFKQSFPEGFTWERVTTYEDGGVLTATQDTSLQDGCLIYNVKIRGVNFPSNGPVMQKKTLGWEASTEMLYPADGGLEGRCDMALKLVGGGHLICNLKTTYRSKKPAKNLKMPGVYFVDRRLERIKEADKETYVEQHEVAVARYCDLPSKLGHKLNGMDELYK,neptune,12.96,650,600,72000,,35,default,5.8,0.18,neptune_default,,,,,,,,,,,,,,,,,,,,,,,,,,,,,,,b,,,,,,,,,,,,,,,,,Z3GLX
m,10.1038/nmeth.1298,,,PAmCherry1,,,,,,,,,,,,,MVSKGEEDNMAIIKEFMRFKVHMEGSVNGHVFEIEGEGEGRPYEGTQTAKLKVTKGGPLPFTWDILSPQFMYGSNAYVKHPADIPDYFKLSFPEGFKWERVMKFEDGGVVTVTQDSSLQDGEFIYKVKLRGTNFPSDGPVMQKKTMGWEALSERMYPEDGALKGEVKPRVKLKDGGHYDAEVKTTYKAKKPVQLPGAYNVNRKLDITSHNEDYTIVEQYERAEGRHSTGGMDELYK,pamcherry1,8.28,595,564,18000,,23,On,6.3,0.46,pamcherry1_on,,,,6500,,,Off,,,pamcherry1_off,,,,,,,,,,,,,,,,,,,,,pa,pamcherry1_off,pamcherry1_on,405,,,,,,,,,,,,,,OMODZ
m,10.1038/nmeth.1298,,,PAmCherry2,,,,,,,,,,,,,MVSKGEEDNMAIIKEFMRFKVHLEGSVNGHEFEIEGEGEGRPYEGTQTAKLKVTKGGPLPFAWDILSPQFMYGSNAYVKHPADIPDYFKLSFPEGFKWERVMNFEDGGVVTVTQDSSLQDGEFIYKVKLRGTNFPSDGPVMQKKTMGWETLSERMYPEDGALKGELKARTKLKDGGHYDTEVKTTYKAKKPVQLPGAYNVNRKLDITSHNEDYTIVEQYERAEGLHSTGGMDELYK,pamcherry2,,,,1900,,,Off,,,pamcherry2_off,12.72,596,570,24000,,18,On,6.2,0.53,pamcherry2_on,,,,,,,,,,,,,,,,,,,,,pa,pamcherry2_off,pamcherry2_on,405,,,,,,,,,,,,,,SV3XM
m,10.1038/nmeth.1298,,,PAmCherry3,,,,,,,,,,,,,MVSKGEEDNMAIIKEFMRFKVHLEGSVNGHEFEIEGEGEGRPYEGTQTAKLKVTKGGPLPFTWDILSPQFMYGSNAYVKHPADIPDYFKLSFPEGFKWERVMNFEDGGVVTVTQDSSLQDGEFIYKVKLRGTNFPSDGPVIQKKTMGWDALSERMYPEDGALKGELKARLKLKDGGHYEAEVKTTYKAKKPVQLPGAYNVNRKLDITSHNEDYTIVEQYERAEGRHSTGGMDELYK,pamcherry3,5.04,596,570,21000,,25,On,6.2,0.24,pamcherry3_on,,,,6500,,,Off,,,pamcherry3_off,,,,,,,,,,,,,,,,,,,,,pa,pamcherry3_off,pamcherry3_on,405,,,,,,,,,,,,,,PL518
m,10.1016/j.bpj.2011.07.049,,,PAmKate,,,,,,,,,,,,,MSELIKENMHMKLYMEGTVNNHHFKCTSEGEGKPYEGTQTMRIKVVEGGPLPFAFDILATSFMYGSKTFINHTQGIPDFWKQSFPEGFTWERVTTYEDGGVLTATQDTSLQDGCLIYNVKIRGVNFPSNGPVMQKKTLGWEANTEMLYPADGGLEGRGDMALKLVGGGHLICNLKTTYRSKKPAKNLKMPGVYYVDRRLERIKEADKETYVEQHEVAVARYCDLPSKLGHKLN,pamkate,4.5,628,586,25000,,19,On,5.6,0.18,pamkate_on,,,,,,,Off,,,pamkate_off,,,,,,,,,,,,,,,,,,,,,pa,pamkate_off,pamkate_on,405,,,,,,,,,,,,,,DTAXR
m,10.1021/ja100906g,,,PATagRFP,,,,,,,,,,,,,MSELIKENMHMKLYMEGTVNNHHFKCTSEGEGKPYEGTQTMRIKVVEGGPLPFAFDILATSFMYGSSTFINHTQGIPDFFKQSWPEGFTWERVTTYEDGGVLTATQDTSLQDGCLIYNVKIRGVNFPSNGPVMKKKTLGWEPSTEKLKPADGGLEGRVDMALKLVGGGHLICNFKTTYRSKKPAKNLKMPGVYYVDRRLEIIKEADKETYWEQHEVAVARYSDLPSKLGHK,patagrfp,25.08,595,562,66000,,,On,5.3,0.38,patagrfp_on,,,,,,,Off,,,patagrfp_off,,,,,,,,,,,,,,,,,,,,,pa,patagrfp_off,patagrfp_on,405,,,,,,,,,,,,,,OAKV5
t,10.1021/ja100906g,,,PATagRFP1297,,,,,,,,,,,,,MSELIKENMHMKLYMEGTVNNHHFKCTSEGEGKPYEGTQTMRIKVVEGGPLPFAFDILATSFMYGSSTFINHTQGIPDFFKQSWPEGFTWERVTTYEDGGVLTATQDTSLQDGCLIYNVKIRGVNFPSNGPVMKKKTLGWEPSTEMLYPADGGLGGVVDMALKLVGGGHLICNFKTTYRSKKPAKNLKMPGVYYVDRRLEIIKEADKETYWEQHEVAVARYCDLPSKLGHK,patagrfp1297,26.46,595,563,63000,,25,On,,0.42,patagrfp1297_on,,,,,,,Off,,,patagrfp1297_off,,,,,,,,,,,,,,,,,,,,,pa,patagrfp1297_off,patagrfp1297_on,405,,,,,,,,,,,,,,XQCPX
d,10.1021/ja100906g,,,PATagRFP1314,,,,,,,,,,,,,MSELIKENMHMKLYMEGTVNNHHFKCTSEGEGKPYEGTQTMRIKVVEGGPLPFAFDILATSFMYGSSTFINHTQGIPDFWKQSFPEGFTWERVTTYEDGGVLTATQDTSLQDGCLIYNVKIRGVNFPSNGPVMKKKTLGWEPSTEMLYPADGGLEGVVNMALKLVGGGHLICNFKTTYRSKKPAKNLKMPGVYYVDRRLEQIKEADKETYWEQHEVAVARYCDLPSKLGHK,patagrfp1314,28.06,596,562,61000,,25,On,,0.46,patagrfp1314_on,,,,,,,Off,,,patagrfp1314_off,,,,,,,,,,,,,,,,,,,,,pa,patagrfp1314_off,patagrfp1314_on,405,,,,,,,,,,,,,,7UFQR
t,10.1021/nn4060144,,,pcDronpa,,4HQ8,4HQ9,,4HQC,,,,,,,,MSVIKPDMKIKLRMEGAVNGHPFAIEGVGLGKPFEGKQSMDLKVKEGGPLPFAYDILTTAFHYGNRVFAKYPENIVDYFKQSFPEGYSWERSMSYEDGGICIATNDITLDGDCYIYEIRFDGVNFPANGPVMQKRTVKWEPSTEKLYVRDGVLKGDVNMALSLEGGGHYRCDFKTTYKAKKVVQLPDYHFVDHHIEIKSHDKDYSNVNLHEHAEAHSGLPRQAK,pcdronpa,,,,,,,Green (Off),,,pcdronpa_green-off,51,581,569,75000,3.9,,Red,6.3,0.68,pcdronpa_red,97.75,517,505,115000,3.2,,Green,5.5,0.85,pcdronpa_green,,,,,,,,,,,mp,pcdronpa_green-off,pcdronpa_green,405,pcdronpa_green,pcdronpa_green-off,488,pcdronpa_green,pcdronpa_red,405,,,,,,,,WV3Q7
m,10.1021/acs.nanolett.9b02855,,,pcStar,,,,,,,,,,,,,MSAIKPDMKIKLRMEGNVNGHHFVIDGEGTGKPFEGKQSMDLEVKEGGPLPFAFDILTTAFHYGNRVFAKYPDNIQDYFKQSFPKGYSWERSMTFEDGGICNARNDITMEGDTFYNKVRFYGTNFPANGPVMQKKTLKWEPSTEKMYVRDGVLTGDIEMALLLEGGAHYRCDFRTTYKAKEKGVKLPGAHFVDHCIEILSHDKDYNKVKLYEHAVAHSGLPDNARR,pcstar,66.19,515,505,74376,,,Green,5.49,0.89,pcstar_green,21.3,579,567,48403,,,Red,6.14,0.44,pcstar_red,,,,,,,,,,,,,,,,,,,,,pc,pcstar_green,pcstar_red,405,,,,,,,,,,,,,,3SXVB
m,10.1083/jcb.201404107,,,pHuji,,,,,,,,,,,,,MVSKGEENNMAIIKEFMRFKVHMEGSVNGHEFEIEGEGEGRPYEAFQTAKLKVTKGGPLPFAWDILSPQFMYGSKVYIKHPADIPDYFKLSFPEGFRWERVMNFEDGGIIHVNQDSSLQDGVFIYKVKLRGTNFPSDGPVMQKKTMGWEASEERMYPEDGALYSEIKKRLKLKDGGHYAAEVKTTYKAKKPVQLPGAYIVDIKLDIVSHNEDYTIVEQYERAEGRHSTGGMDELYK,phuji,6.82,598,566,31000,,,default,7.7,0.22,phuji_default,,,,,,,,,,,,,,,,,,,,,,,,,,,,,,,b,,,,,,,,,,,,,,,,,SS15T
t,10.1007/s10126-019-09931-9,AKM77632,,plobRFP,,,,,,,,,,,,,MALSKQTGIQTEMKTKFHMEGIVNGHSFEVEGNGSGQPYEGVQKMKLTVTKGAPLPFSIDILLPQEMYGSKPFIKYPDNIPDYIKLSFPEGITWERTMTFEDGAVCTASNDSRLVGNCFIYEVKFQGVNFPRDGPVMQRKTKGWEPSTERLYEWDGCQRGDVDMALKLEDGGHYTVNFKTTYKSKKKDLKVPPYHFVDHKLELLSHNIVGTKEDFEQKETAHAHLSSLNSLNQ,plobrfp,62.16,614,578,84000,,,default,,0.74,plobrfp_default,,,,,,,,,,,,,,,,,,,,,,,,,,,,,,,b,,,,,,,,,,,,,,,,,ESQ8O
t,10.1371/journal.pone.0002680,ABB17953,4901497,pporRFP,,,,,,,,,,,,,MALSKQSGVKDVMNTELHMDGIVNGHPFEIKGKGKGNPYKGVQTMKLTVIKGAPLPFSIDILLPQHMYGSKPFIKYPESIPDYIKLSFPEGITWERSMTFEDGAVCTVSNDSRLDGDSFIYEVRFLGVNFPRDGPVMQKKTRGWDPSTERLYECGGWQRGDVHMALKLENGGHYTCDFKTTYKSKKGLKVPPYHFVDHKLDLLSHNTDGATFEEFEQREIAHAHLSNLPVA,pporrfp,51.25,595,578,94900,,,default,,0.54,pporrfp_default,,,,,,,,,,,,,,,,,,,,,,,,,,,,,,,b,,,,,,,,,,,,,,,,A8CLN8,FRRJW
,10.1038/nmeth.3935,,,R3-2+PCB,,,,,,,,,,,,,MKTGEQRVKIATLLSENEKKIVDKASQDLWRRRPDFIAPGGIAFGQRERALCLRDYGWYLRLITFCLLAGDKDPIESIGLIGIREMYNSLGVPVPGMMESIRCLKEASLSLLDEEDAKETAPYFDYIIQAMS,r3-2pcb,9.62,648,620,74000,,,default,,0.13,r3-2pcb_default,,,,,,,,,,,,,,,,,,,,,,,,,,,,,,,b,,,,,,,,,,,,,,,,,OORFP
,10.3389/fnmol.2013.00002,,,RCaMP,,3U0K,,,,,,,,,,,MGSHHHHHHGMASMTGGQQMGRDLYDDDDKDLATMVDSSRRKWNKTGHAVRAIGRLSSAINTEMMYPADGGLRGYTHMALKVDGGGHLSCSFVTTYRSKKTVGNIKMPGIHYVSHRLERLEESDNEMFVVQREHAVAKFVGLGGGGGTGGSMNSLIKENMRMKVVLEGSVNGHQFKCTGEGEGNPYMGTQTMRIKVIEGGPLPFAFDILATSFMYGSRTFIKYPKGIPDFFKQSFPEGFTWERVTRYEDGGVITVMQDTSLEDGCLVYHAQVRGVNFPSNGAVMQKKTKGWEPTRDQLTEEQIAEFKEAFSLFDKDGDGTITTKELGTVMRSLGQNPTEAELQDMINEVDADGDGTIDFPEFLIMMARKMKDTDSEEEIREAFRVFDKDGNGYISAAELRHVMTNLGEKLTDEEVDEMIREADIDGDGQVNYEEFVQMMTAK,rcamp,,602,575,,,,default,,0.14,rcamp_default,,,,,,,,,,,,,,,,,,,,,,,,,,,,,,,b,,,,,,,,,,,,,,,,,J5Y7Z
m,10.1371/journal.pone.0171257,,,RDSmCherry0.1,,,,,,,,,,,,,MVSKGEEDNMAIIKEFMRFKVHMEGSVNGHEFEIEGEGEGRPYEGTQTAKLKVTKGGPLPFAWDILSPQFMYGSKAYVKHPADIPDYLKLSFPEGFKWERVMNFEDGGVVTVTQDSSLQDGEFIYKVKLRGTNFPSDGPVMQKKTMGWEASSERMYPEDGALKGEGKGRLKLKDGGHYDAEVKTTYKAKKPVQLPGAYNVNIKLDITSHNEDYTIVEQYERAEGRHSTGGMDELYK,rdsmcherry01,5.96,625,598,59600,,,default,,0.1,rdsmcherry01_default,,,,,,,,,,,,,,,,,,,,,,,,,,,,,,,b,,,,,,,,,,,,,,,,,JVYE5
m,10.1371/journal.pone.0171257,,,RDSmCherry0.2,,,,,,,,,,,,,MVSKGEEDNMAIIKEFMRFKVHMEGSVNGHEFEIEGEGEGRPYEGTQTAKLKVTKGGPLPFAWDILSPQFMYGSKAYVKHPADIPDYLKLSFPEGFKWERVMNFEDGGVVTVTQDSSLQDGEFIYKVKLRGTNFPSDGPVMQKKTMGWEASSERMYPEDGALKGEGKGRLKLKDGGHYDAEVKTTYKAKKPVQLPGAYNCNYKLDITSHNEDYTIVEQYERAEGRHSTGGMDELYK,rdsmcherry02,1.03,630,600,34400,,,default,,0.03,rdsmcherry02_default,,,,,,,,,,,,,,,,,,,,,,,,,,,,,,,b,,,,,,,,,,,,,,,,,XOVUP
m,10.1371/journal.pone.0171257,,,RDSmCherry0.5,,,,,,,,,,,,,MVSKGEEDNMAIIKEFMRFKSHMEGSVNGHEFEIEGEGEGRPYEGTQTCKLKVTKGGPLPFAWDILSPQFMYGSKAYVKHPADIPDYLKLSFPEGFKWERVMNFEDGGVVTVTQDSSLQDGEFIYKVKLRGTNFPSDGPVMQKKTMGWEPSSERMYPEDGALKGEGKGRLKLKDGGHYDAEVKTTYKAKKPVQLPGAYNCNYKLDITSHNEDYTIVEQYERAEGRHSTGGMDELYK,rdsmcherry05,0.47,636,604,23300,,,default,,0.02,rdsmcherry05_default,,,,,,,,,,,,,,,,,,,,,,,,,,,,,,,b,,,,,,,,,,,,,,,,,CS45L
m,10.1371/journal.pone.0171257,,,RDSmCherry1,,,,,,,,,,,,,MVSKGEEDNMAIIKEFMRFKSHMEGSVNGHEFEIEGEGEGRPYEGTQTCKLKVTKGGPLPFAWDILSPQFMYGSKAYVKHPADIPDYLKLSFPEGFKWERVMNFEDGGVVTVTQDSSLQDGEFIYKVKLRGTNFPSDGPVMQKKTMGWEPSSERMYPEDGALKGEGKGRLKLKDGGHYDAEVKTTYKAKKPVQLPGAYNCNIKLDITSHNEDYTIVEQYERAEGRHSTGGMDELYK,rdsmcherry1,4.99,630,600,55400,,,default,5.6,0.09,rdsmcherry1_default,,,,,,,,,,,,,,,,,,,,,,,,,,,,,,,b,,,,,,,,,,,,,,,,,CC2YL
,10.1073/pnas.062552299,AAK71339,1324312,rfloRFP,,,,,,,,,,,,,MSALKEEMKIXLTLVGVVNGHPFKIIGDGKGKPYEGSQELTLAVVEGGPLPFSYDILTTIVHYGNRAFVNYPKDIPDIFKQTCSGPGAGYSWQRTMSFEDGGVCTATSHIRVDGDTFNYDIHFMGADFPLNGPVMQKRTVKWEPSTEIMFQCDGLLRGDVAMSLLLKGGGHYRCDFKTIYKPKKNVKMPGYHFVDHCIEITSQQDDYNVVELYEGAVAHYSPLQKPCQAKA,rflorfp,,574,566,,,,default,,,rflorfp_default,,,,,,,,,,,,,,,,,,,,,,,,,,,,,,,b,,,,,,,,,,,,,,,,Q8T5E8,46ZQ7
t,10.1016/j.chembiol.2008.02.008,,,RFP611,,,,,,,,,,,,,MNSLIKENMRMMVVMEGSVNGYQFKCTGEGDGNPYMGTQTMRIKVVEGGPLPFAFDVLATSFMYGSKTFIKHTKGIPDFFKQSFPEGFTWERVTRYEDGGVITVMQDTSLEDGCLVYHAKVTGVNFPSNGAVMQKKTKGWEPNTEMLYPADGGLRGYSQMALNVDGGGYLSCSFETTYRSKKTVENFKMPGFHFVDHRLERLEESDKEMFVVQHEHAVAKFCDLPSKLGRL,rfp611,57.6,611,559,120000,,110,default,,0.48,rfp611_default,,,,,,,,,,,,,,,,,,,,,,,,,,,,,,,b,,,,,,,,,,,,,,,,,8DX6R
t,10.1016/j.chembiol.2008.02.008,,,RFP618,,,,,,,,,,,,,MNSLIKENMRMMVVMEGSVNGYQFKCTGEGDGNPYMGTQTMRIKVVEGGPLPFAFDILATSFMYGSKTFIKHTKGIPDFFKQSFPEGFTWERVTRYEDGGVFTVMQDTSLEDGCLVYHAKVTGVNFPSNGAVMQKKTKGWEPSTEMLYPADGGLRGYSQMALNVDGGGYLFCSFETTYRSKKTDENFKMPGFHFVDHRLERLEESDKEMFVVQHEHAVAKFCDLPSKLGRL,rfp618,,618,560,,,360,default,,0.35,rfp618_default,,,,,,,,,,,,,,,,,,,,,,,,,,,,,,,b,,,,,,,,,,,,,,,,,35N2E
t,10.1016/j.chembiol.2008.02.008,,,RFP630,,3E5V,,,,,,,,,,,MNSLIKENMRMMVVMEGSVNGYQFKCTGEGDGNPYMGTQTMRIKVVEGGPLPFAFDILATSFMYGSKTFIKHTKGIPDFFKQSFPEGFTWERVTRYEDGGVFTVMQDTSLEDGCLVYHAKVTGVNFPSNGAVMQKKTKGWEPSTEMLYPADGGLRGYSQMALNVDGGGYLSCSFETTYRSKKTVENFKMPGFHFVDHRLERLEESDKEMFVVQHEHAVAKFCDLPSKLGRL,rfp630,17.5,630,583,50000,,,default,,0.35,rfp630_default,,,,,,,,,,,,,,,,,,,,,,,,,,,,,,,b,,,,,,,,,,,,,,,,,296AF
t,10.1016/j.chembiol.2008.02.008,,,RFP637,,,,,,,,,,,,,MNSLIKENMRMMVVMEGSVNGYQFKCTGEGDGNPYMGTQTMRIKVVEGGPLPFAFDILATSFMYGSKTFIKHTKGIPDFFKQSFPEGFTWERVTRYEDGGVFTVMQDTSLEDGCLVYHAKVTGVNFPSNGAVMQKKTKGWEPSTEMLYPADGGLRGYAQMALNVDGGGYLFCSFETTYRSKKTDENFKMPGFHFVDHRLERLEESDKEMFVVQHEHAVAKFCDLPSKLGRL,rfp637,16.56,637,587,72000,,480,default,,0.23,rfp637_default,,,,,,,,,,,,,,,,,,,,,,,,,,,,,,,b,,,,,,,,,,,,,,,,,QVF1F
t,10.1016/j.chembiol.2008.02.008,,,RFP639,,,,,,,,,,,,,MNSLIKENMRMMVVMEGSVNGYQFKCTGEGDGNPYMGTQTMRIKVVEGGPLPFAFDILATSFMYGSKTFIKHTKGIPDFFKQSFPEGFTWERVTRYEDGGVFTVMQDTSLEDGCLVYHAKVTGVNFPSNGAVMQKKTKGWEPSTEMLYPADGGLRGYCQMALNVDGGGYLFCSFETTYRSKKTDENFKMPGFHFVDHRLERLEESDKEMFVVQHEHAVAKFCDLPSKLGRL,rfp639,12.42,639,588,69000,,90,default,,0.18,rfp639_default,,,,,,,,,,,,,,,,,,,,,,,,,,,,,,,b,,,,,,,,,,,,,,,,,B3LN6
td,10.1002/cbic.201600492,,,RRvT,,,,,,,,,,,,,MVSKGEEVIKEFMRFKVRMEGSMNGHEFEIEGEGEGRPYEGTQTAKLKVTKGGPLPFAWDILSPQFMYGSKAYVKHPADIPDYKKLSFPEGFKWERVMNFEDGGLVTVTQDSSLQDGTLIYNVKMRGTNFPPDGPVMQKKTMGWEASTERLYPRDGVLKGEIHQALKLKDGGHYLVEFKTIYMAKKPVQLPGYYYVDTKLDITSHNEDYTIVEQYERSEGRHHLFLYGMDELYKGSTGSGSSGPMVSKGEEAIKEFMRFKVSMEGSMNGHEFEIEGEGEGRPYEGTQTAKLKVTKGGPLPFAWDILSPQFMYGSKAYVKHPADIPDYKKLSFPEGFRWERVMNFEDGGLVTVTQDSSIQDGTLIYKVKVRGTNFPPDGPVMQKKTMGWEASTERLYPRDGVLKGEIHQALKLKDGGHYLVEFKTIYMAKKPVQLPGYYYVDTKLDITSHNEDYTVVEQYERSEGRHHLFLYGMDELYK,rrvt,117.92,583,556,134000,,,default,3.9,0.88,rrvt_default,,,,,,,,,,,,,,,,,,,,,,,,,,,,,,,b,,,,,,,,,,,,,,,,,7GO5D
m,10.1529/biophysj.108.130146,ACK57568,16113845,rsCherry,,,,,,,,,,,,,MVSKGEEDNMAIIKEFMRFKVHMEGSVNGHEFEIEGEGEGRPYEGTQTAKLKVTKGGPLPFAWDILSPQFMYGSKAYVKHPADIPDYLKLSFPEGFKWERVMNFEDGGVVTVTQDSSLQDGEFIYKVKLRGTNFPSDGPVMQKKTMGWVASSERMYPEDGALKGESKQRLKLKDGGHYDAEFWTTYKAKKPVQLPGAYNVNIKLDITSHNEDYTIVEQYERAEGRHSTGGMDELYK,rscherry,1.6,610,572,80000,,,On,,0.02,rscherry_on,,,,,,,Off,,,rscherry_off,,,,,,,,,,,,,,,,,,,,,ps,rscherry_off,rscherry_on,550,rscherry_on,rscherry_off,450,,,,,,,,,,,Q8AAM
m,10.1529/biophysj.108.130146,,,rsCherryRev,,,,,,,,,,,,,MVSKGEEDNMAIIKEFMRFKVHMEGSVNGHEFEIEGEGEGRPYEGTQTAKLKVTKGGPLPFAWDILSPQFMYGSKAYVKHPADIPDYLKLSFPEGFKWERVMNFEDGGVVTVTQDSSLQDGEFIYKVKLRGTNFPSDGPVMQKKTMGWVACSERMYPEDGALKGESKMRLKLKDGGHYDAEFKTTYKAKKPVQLPGAYNVNIKLDITSHNEDYTIVEQYERAEGRHSTGGMDELYK,rscherryrev,0.42,608,572,84000,,,On,,0.005,rscherryrev_on,,,,,,,Off,,,rscherryrev_off,,,,,,,,,,,,,,,,,,,,,ps,rscherryrev_off,rscherryrev_on,450,rscherryrev_on,rscherryrev_off,550,,,,,,,,,,,45EFN
d,10.1002/cphc.201301016,,,rsCherryRev1.4,,,,,,,,,,,,,MVSKGEEDNMAIIKEFMRFKVHMEGSVNCHEFEIEGEGEGHPYEGTQTAKLKVTKGGPLPFAWDILSPQFMYGSKAYVKHPADIPDYLKLSFPEGFKWERVMNFEDGGVVTVTQDSSLQDGEFIYKVKLCGTNFPSDGPVMQKKTMGWFACSEQMYPEDGALKGLSKMRLKLKDGGHYDAEFKTTYKAKKPVQLPGAYNVNIKLDITSHNEDYTIVEQYERAEGRHSTGGMDELYK,rscherryrev14,,609,572,,,,On,,,rscherryrev14_on,,,,,,,Off,5.5,,rscherryrev14_off,,,,,,,,,,,,,,,,,,,,,ps,rscherryrev14_off,rscherryrev14_on,430,rscherryrev14_on,rscherryrev14_off,570,,,,,,,,,,,1GO7S
m,10.1038/s41592-018-0052-9,MH337842,,rsFusionRed1,,,,,,,,,,,,,MVSELIKENMPMKLYMEGTVNNHHFKCTSEGEGKPYEGTQTMRIKVVEGGPLPFAFDILATSFMYGSRTFIKHPPGIPDFFKQSFPEGFTWERVTTYEDGGVLTATQDTSLQDGCLIYNVKVRGVNFPANGPVMQKKTLGWEATTETMYPADGGLEGACDMALKLVGGGHLICNLETTYRSKKPATNLKMPGVYNVDHRLERIKEADDETYVEQHEVAVARYSTGGAGDGGK,rsfusionred1,8.24,605,577,82400,,65,On,4.6,0.1,rsfusionred1_on,,,,,,,Off,,,rsfusionred1_off,,,,,,,,,,,,,,,,,,,,,ps,rsfusionred1_off,rsfusionred1_on,405,rsfusionred1_on,rsfusionred1_off,592,,,,,,,,,,,77HQK
m,10.1038/s41592-018-0052-9,AXF35913,,rsFusionRed2,,,,,,,,,,,,,MVSELIKENMPMKLYMEGTVNNHHFKCTSEGEGKPYEGTQTMRIKVVEGGPLPFAFDILATSFMYGSKTFIKHPPGIPDFFKQSFPEGFTWERVTTYEDGGVLTATQDTSLQDGCLIYNVKVRGVNFPANGPVMQKKTLGWEAHTETMYPADGGLEGACDMALKLVGGGHLICNLETTYRSKKPATNLKMPGVYNVDHRLERIKEADDETYVEQHEVAVARYSTGGAGDGGK,rsfusionred2,4.26,607,580,35500,,30,On,4.7,0.12,rsfusionred2_on,,,,,,,Off,,,rsfusionred2_off,,,,,,,,,,,,,,,,,,,,,ps,rsfusionred2_off,rsfusionred2_on,405,rsfusionred2_on,rsfusionred2_off,592,,,,,,,,,,,9EUJH
m,10.1038/s41592-018-0052-9,AXF35914,,rsFusionRed3,,,,,,,,,,,,,MVSELIKENMPMKLYMEGTVNNHHFKCTSEGEGKPYEGTQTMRIKVVEGGPLPFAFDILATSFMYGSKTFIKHPPGIPDFFKQSFPEGFTWERVTTYEDGGVLTATQDTSLQDGCLIYNVKVRGVNFPANGPVMQKKTLGWEAHTETMYPADGGLEGACDMALKLVGGGHLIANLETTYRSKKPATNLKMPGVYNVDHRLERIKEADDETYVEQHEVAVARYSTGGAGDGGK,rsfusionred3,,,,,,,Off,,,rsfusionred3_off,3.04,607,580,38000,,25,On,4.7,0.08,rsfusionred3_on,,,,,,,,,,,,,,,,,,,,,ps,rsfusionred3_off,rsfusionred3_on,405,rsfusionred3_on,rsfusionred3_off,592,,,,,,,,,,,13ANW
m,10.1016/j.jmb.2012.01.044,,,rsTagRFP,,3U8C,,,,,,,,,,,MVSKGEELIKENMHMKLYMEGTVNNHHFKCTSEGEGKPYEGTQTMRIKVVEGGPLPFAFDILATSFMYGSRTFINHTQGIPDFWKQSFPEGFTWERVTTYEDGGVLTATQDTSLQDGCLIYNVKLRGVNFPSNGPVMQKKTLGWEAATEMLYPADGGLEGRGDMALKLVGGGHLICNLKTTYRSKNPAKNLKMPGVYFVDHRLERIKEADKETYVEQHEVAVARYCDLPSKLGHKLN,rstagrfp,0.02,,,15300,,,OFF,,0.0013,rstagrfp_off,4.05,585,567,36800,,,ON,6.6,0.11,rstagrfp_on,,,,,,,,,,,,,,,,,,,,,ps,rstagrfp_off,rstagrfp_on,440,rstagrfp_on,rstagrfp_off,567,,,,,,,,,,,3FC3D
t,10.1371/journal.pone.0002680,AAU06843,3620751,scubRFP,,,,,,,,,,,,,MSAIKTVVKQFMKIKMSLEGTVNGHYFKIVGEGDGTPFEGKQTLHLKVKEGAPLPFAYDILTTALHYGNRVFVEYPENIPDYFKQSFPKGYSWERSLTFEDGGICIARSDIKMVGDTFHNEVQFYGVNFPANGPVMQRHTVKWEPSTEKIYVRDGVLTGDITMALLLKGGTHYRCDFRTTYKAKEKGPKFPGYHLVDHCIEITSHDKDYNVVELYEHAVAHSGLPDSANR,scubrfp,39.84,578,570,66400,,,default,,0.6,scubrfp_default,,,,,,,,,,,,,,,,,,,,,,,,,,,,,,,b,,,,,,,,,,,,,,,,Q66PW1,AJCVH
m,10.3390/ijms21228800,,,SuperNova2,,,,,,,,,,,,,MGSEVGPALFQRDMTFKIFIDGEVNGQKFTIVADGSSKFPHGDFNVHAVCETGKLPMSWKPICHLIQYGEPFFARYPDGISHFAQECFPEGLSIDRTVRFENDGTMTSHHTYELDDTCVVSRITVNCDGFQPDGPIMRDQLVDILPSETHMFPHGPNAVRQTATIGFTTADGGKMMGHFDSKMTFNGSRAIEIPGPHFVTIITKQTRDTSDKRDHVCQREVAYAHSVPRITSAIGSDED,supernova2,,610,579,45,,,SuperNova2,,,supernova2_supernova2,,,,,,,,,,,,,,,,,,,,,,,,,,,,,,,b,,,,,,,,,,,,,,,,,NRHQ2
m,10.1038/srep02629,AB522905,,SuperNova Red,,,,,,,,,,,,,MEVGPALFQSDMTFKIFIDGEVNGQKFTIVADGSSKFPHGDFNVHAVCETGKLPMSWKPICHLIQYGEPFFARYPDGISHFAQECFPEGLSIDRTVRFENDGTMTSHHTYELDDTCVVSRITVNCDGFQPDGPIMRDQLVDILPSETHMFPHGPNAVRQTATIGFTTADGGKMMGHFDSKMTFNGSRAIEIPGPHFVTIITKQTRDTSDKRDHVCQREVAYAHSVPRITSAIGSDED,supernova-red,13.5,610,579,45000,,,default,,0.3,supernova_default,,,,,,,,,,,,,,,,,,,,,,,,,,,,,,,b,,,,,,,,,,,,,,,,,6EEUG
m,10.1038/s41467-020-15687-x,EU582019.1,EU582019.1,super-TagRFP,,,,,,,,,,,,,MVSKGEELIKENMHMKLYMEGTVNNHHFKCTSEGEGKPYEGTQTMRIKVVEGGPLPFAFDILATSFMYGSRTFINHTQGIPDFFKQSFPEGFTWERVTTYEDGGVLTATQDTSLQDGCLIYNVKIRGVNFPSNGPVMQKKTLGWEANTEMLYPADGGLEGRTVMALKLVGGGHLICNFKTTYRSKKPAKNLKMPGVYYVDHRLERIKEADKETYVEQHEVAVARYCDLPSKLGHKLNGMDELYK,super-tagrfp,59.89,579,555,113000,,,default,,0.53,super-tagrfp_default,,,,,,,,,,,,,,,,,,,,,,,,,,,,,,,b,,,,,,,,,,,,,,,,,QJV5C
wd,10.1038/nmeth1062,ABR08320,13144495,TagRFP,,3M22,,,,,,,,,,,MSELIKENMHMKLYMEGTVNNHHFKCTSEGEGKPYEGTQTMRIKVVEGGPLPFAFDILATSFMYGSRTFINHTQGIPDFFKQSFPEGFTWERVTTYEDGGVLTATQDTSLQDGCLIYNVKIRGVNFPSNGPVMQKKTLGWEANTEMLYPADGGLEGRSDMALKLVGGGHLICNFKTTYRSKKPAKNLKMPGVYYVDHRLERIKEADKETYVEQHEVAVARYCDLPSKLGHK,tagrfp,48,584,555,100000,2.3,100,default,3.8,0.48,tagrfp_default,,,,,,,,,,,,,,,,,,,,,,,,,,,,,,,b,,,,,,,,,,,,,,,,,S4HC8
m,10.1016/j.bpj.2010.04.025,,,TagRFP657,,,,,,,,,,,,,MSELITENMHMKLYMEGTVNNHHFKCTSEGEGKPYEGTQTQRIKVVEGGPLPFAFDILATSFMYGSHTFINHTQGIPDFWKQSFPEGFTWERVTTYEDGGVLTATQDTSLQDGCLIYNVKIRGVNFPSNGPVMQKKTLGWEAHTEMLYPADGGLEGRTALALKLVGGGHLICNFKTTYRSKKPAKNLKMPGVYYVDYRLERIKEADKETYVEQHEVAVARYCDLPSKLGHKLN,tagrfp657,3.4,657,611,34000,,125,default,5,0.1,tagrfp657_default,,,,,,,,,,,,,,,,,,,,,,,,,,,,,,,b,,,,,,,,,,,,,,,,,C2N5S
m,10.1101/2021.08.02.454744,MZ682638,,TagRFP658,,,,,,,,,,,,,MSELIKENMHMKLYMEGTVNNHHFKCTSEGEGKPYEGTQTQRIKVVEGGPLPFAFDILATSFMYGSHTFIDHTQGIPDFWKQSFPEGFTWERVTTYEDGGVLTATQDTSLHDGCLIYNVKIRGVNFPSNGPVMQKKTLGWEAHTEMLYPTDGGLEGRTALALKLVGGGHLICNFKTIYRSKKPAKNLKMPGVYYVDYRLERIEEADNETYVEQHEVAVARYCDLPTKLGHKLN,tagrfp658,4.12,658,611,41200,,,default,4.6,0.1,tagrfp658_default,,,,,,,,,,,,,,,,,,,,,,,,,,,,,,,b,,,,,,,,,,,,,,,,,AJJAK
m,10.1038/srep01847,,,TagRFP675,,4KGE,4KGF,,,,,,,,,,MSELIKENMHMKLYMEGTVNNHHFKCTSEGEGKPYEGTQTQRIKVVEGGPLPFAFDILATSFMYGSKTFINHTQGIPDFWKQSFPEGFTWERVTTYEDGGVLTATQDTSLQDGCLIYNVKIRGVNFPSNGPVMQKKTLGWEANTEMMYPADGGLEGRNYMALKLVGGGHLICSLKTTYRSKKPAKNLKMPGVYYVDRRLERIKEADKETYVEQHEVAVARYCDLPSKLGHKLN,tagrfp675,3.68,675,598,46000,0.9,25,default,5.7,0.08,tagrfp675_default,,,,,,,,,,,,,,,,,,,,,,,,,,,,,,,b,,,,,,,,,,,,,,,,,NLF4R
m,10.1038/nmeth.1209,ACD03281,,TagRFP-T,,5JVA,,,,,,,,,,,MVSKGEELIKENMHMKLYMEGTVNNHHFKCTSEGEGKPYEGTQTMRIKVVEGGPLPFAFDILATSFMYGSRTFINHTQGIPDFFKQSFPEGFTWERVTTYEDGGVLTATQDTSLQDGCLIYNVKIRGVNFPSNGPVMQKKTLGWEANTEMLYPADGGLEGRTDMALKLVGGGHLICNFKTTYRSKKPAKNLKMPGVYYVDHRLERIKEADKETYVEQHEVAVARYCDLPSKLGHKLNGMDELYK,tagrfp-t,33.21,584,555,81000,2.3,100,default,4.6,0.41,tagrfp-t_default,,,,,,,,,,,,,,,,,,,,,,,,,,,,,,,b,,,,,,,,,,,,,,,,,LF3LJ
td,10.1073/pnas.082243699,AAM54543,1198631,tdimer2(12),,,,,,,,,,,,,MVASSEDVIKEFMRFKVRMEGSVNGHEFEIEGEGEGRPYEGTQTAKLKVTKGGPLPFAWDILSPQFQYGSKAYVKHPADIPDYKKLSFPEGFKWERVMNFEDGGVVTVTQDSSLQDGTLIYKVKFRGTNFPPDGPVMQKKTMGWEASTERLYPRDGVLKGEIHQALKLKDGGHYLVEFKTIYMAKKPVQLPGYYYVDTKLDITSHNEDYTIVEQYERSEGRHHLFLGHGTGSTGSGSSGTASSEDVIKEFMRFKVRMEGSVNGHEFEIEGEGEGRPYEGTQTAKLKVTKGGPLPFAWDILSPQFQYGSKAYVKHPADIPDYKKLSFPEGFKWERVMNFEDGGVVTVTQDSSLQDGTLIYKVKFRGTNFPPDGPVMQKKTMGWEASTERLYPRDGVLKGEIHQALKLKDGGHYLVEFKTIYMAKKPVQLPGYYYVDTKLDITSHNEDYTIVEQYERSEGRHHLFL,tdimer212,81.6,579,552,120000,,120,default,4.8,0.68,tdimer212_default,,,,,,,,,,,,,,,,,,,,,,,,,,,,,,,b,,,,,,,,,,,,,,,,,9FQLJ
td,10.1042/bj20081949,,,tdKatushka2,,,,,,,,,,,,,MSELIKENMHMKLYMEGTVNNHHFKCTSEGEGKPYEGTQTMKIKVVEGGPLPFAFDILATSFMYGSKTFINHTQGIPDFFKQSFPEGFTWERITTYEDGGVLTATQDTSLQNGCIIYNVKINGVNFPSNGSVMQKKTLGWEANTEMLYPADGGLRGHSQMALKLVGGGYLHCSFKTTYRSKKPAKNLKMPGFHFVDHRLERIKEADKETYVEQHEMAVAKYCDLPSKLGHR,tdkatushka2,49.02,633,588,132500,,,default,5.4,0.37,tdkatushka2_default,,,,,,,,,,,,,,,,,,,,,,,,,,,,,,,b,,,,,,,,,,,,,,,,,1L4BP
d,10.1016/j.chembiol.2008.02.008,,,td-RFP611,,,,,,,,,,,,,MNSLIKENMRMMVVMEGSVNGYQFKCTGEGDGNPYMGTQTMRIKVVEGGPLPFAFDVLATSFMYGSKTFIKHTKGIPDFFKQSFPEGFTWERVTRYEDGGVITVMQDTSLEDGCLVYHAKVRGVNFPSNGAVMQKKTKGWEPNTEMLYPADGGLRGYSQMALNVDGGGYLFCSFETTYRSKKTDENFKMPGFHFVDHRLERLEESDKEMFVVQHEHAVAKFCDLPSKLGRL,td-rfp611,32.9,609,558,70000,,225,default,,0.47,td-rfp611_default,,,,,,,,,,,,,,,,,,,,,,,,,,,,,,,b,,,,,,,,,,,,,,,,,GHNRL
d,10.1016/j.chembiol.2008.02.008,,,td-RFP639,,,,,,,,,,,,,MNSLIKENMRMMVVMEGSVNGYQFKCTGEGDGNPYMGTQTMRIKVVEGGPLPFAFDILATSFMYGSKTFIKHTKGIPDFFKQSFPEGFTWERVTRYEDGGVFTVMQDTSLEDGCLVYHAKVRGVNFPSNGAVMQKKTKGWEPSTEMLYPADGGLRGYCQMALNVDGGGYLFCSFETTYRSKKTDENFKMPGFHFVDHRLERLEESDKEMFVVQHEHAVAKFCDLPSKLGRL,td-rfp639,14.46,631,589,90400,,480,default,,0.16,td-rfp639_default,,,,,,,,,,,,,,,,,,,,,,,,,,,,,,,b,,,,,,,,,,,,,,,,,A77ZH
td,10.1038/nbt1037,AAV52169,3838287,tdTomato,,,,,,,,,,,,,MVSKGEEVIKEFMRFKVRMEGSMNGHEFEIEGEGEGRPYEGTQTAKLKVTKGGPLPFAWDILSPQFMYGSKAYVKHPADIPDYKKLSFPEGFKWERVMNFEDGGLVTVTQDSSLQDGTLIYKVKMRGTNFPPDGPVMQKKTMGWEASTERLYPRDGVLKGEIHQALKLKDGGHYLVEFKTIYMAKKPVQLPGYYYVDTKLDITSHNEDYTIVEQYERSEGRHHLFLGHGTGSTGSGSSGTASSEDNNMAVIKEFMRFKVRMEGSMNGHEFEIEGEGEGRPYEGTQTAKLKVTKGGPLPFAWDILSPQFMYGSKAYVKHPADIPDYKKLSFPEGFKWERVMNFEDGGLVTVTQDSSLQDGTLIYKVKMRGTNFPPDGPVMQKKTMGWEASTERLYPRDGVLKGEIHQALKLKDGGHYLVEFKTIYMAKKPVQLPGYYYVDTKLDITSHNEDYTIVEQYERSEGRHHLFLYGMDELYK,tdtomato,95.22,581,554,138000,,60,default,4.7,0.69,tdtomato_default,,,,,,,,,,,,,,,,,,,,,,,,,,,,,,,b,,,,,,,,,,,,,,,,,PGG5S
d,10.1038/nmeth1062,,,TurboRFP,,,,,,,,,,,,,MSELIKENMHMKLYMEGTVNNHHFKCTSEGEGKPYEGTQTMKIKVVEGGPLPFAFDILATSFMYGSKAFINHTQGIPDFFKQSFPEGFTWERITTYEDGGVLTATQDTSFQNGCIIYNVKINGVNFPSNGPVMQKKTRGWEANTEMLYPADGGLRGHSQMALKLVGGGYLHCSFKTTYRSKKPAKNLKMPGFHFVDHRLERIKEADKETYVEQHEMAVAKYCDLPSKLGHR,turborfp,61.64,574,553,92000,,90,default,4.4,0.67,turborfp_default,,,,,,,,,,,,,,,,,,,,,,,,,,,,,,,b,,,,,,,,,,,,,,,,,AHNXC
m,10.1371/journal.pone.0041028,,,Ultramarine,,,,,,,,,,,,,MSVIATQMTYKVYMSGTVNGHYFEVEGDGKGRPYEGEQTVKLTATKGGPLPFAWDILSPQCQYGSIPFTKYPEDIPDYVKQSFPEGFTWERIMNFEDGAVCTVSNDSSIQGNCFTYHVKFRGTNFPPNGPVMQKKTQGWEPNSERLFARGGMLIGNNRMALKLEGGGHYLCEFKTTYKAKKPVKMPGYHYVDRKLDVTNHNKDYTSVEQCEISIARKPVVA,ultramarine,0.06,626,586,64000,1.6,216,default,,0.001,ultramarine_default,,,,,,,,,,,,,,,,,,,,,,,,,,,,,,,b,,,,,,,,,,,,,,,,,3F18R
m,10.1038/s41598-018-33250-z,,,V127T SAASoti,,,,,,,,,,,,,MALSKQYIPDDMELIFHMDGCVNGHYFTIVATGKAKPYEGKQNLKATVTKGAPLPFSTDILSTVMHYGNRCIVHYPPGILDYFKQSFPEGYSWERTFAFEDGGFCTASADIKLKDNCFIHTSMFHGTNFPADGPVMQRKTIQWEKSIEKMTVSDGIVKGDITMFLLLEGGGKYRCQFHTSYKAKKVVEMPQSHYVEHSIERTNDDGTQFELNEHAVARLNEI,v127t-saasoti,,519,509,75000,,,Green,,,v127t-saasoti_green,,589,579,24000,,,Red,,,v127t-saasoti_red,,,,,,,,,,,,,,,,,,,,,pc,v127t-saasoti_green,v127t-saasoti_red,405,,,,,,,,,,,,,,1U9ZJ
,10.1073/pnas.062552299,AAL23574,1112201,zoan2RFP,,,,,,,,,,,,,MAHSKHGLTDDMTMHFRMEGCVDGHKFVIEGNGNGNPFKGKQFINLCVIEGGPLPFSEDILSAAFDYGNRLFTEYPEGIVDYFKNSCPAGYTWHRSFRFEDGAVCICSADITVNVRENCIYHESTFYGVNFPADGPVMKKMTTNWEPSCEKIIPINSQKILKGDVSMYLLLKDGGRYRCQFDTIYKAKTEPKEMPDWHFIQHKLNREDRSDAKNQKWQLIEHAIASRSALP,zoan2rfp,,576,552,,,,default,,,zoan2rfp_default,,,,,,,,,,,,,,,,,,,,,,,,,,,,,,,b,,,,,,,,,,,,,,,,Q8T4U4,HGZ48
