name,seq,states.0.brightness,states.0.em_max,states.0.ex_max,states.0.ext_coeff,states.0.lifetime,states.0.maturation,states.0.name,states.0.pka,states.0.qy,states.0.slug,states.1.brightness,states.1.em_max,states.1.ex_max,states.1.ext_coeff,states.1.lifetime,states.1.maturation,states.1.name,states.1.pka,states.1.qy,states.1.slug,states.2.brightness,states.2.em_max,states.2.ex_max,states.2.ext_coeff,states.2.lifetime,states.2.maturation,states.2.name,states.2.pka,states.2.qy,states.2.slug,states.3.brightness,states.3.em_max,states.3.ex_max,states.3.ext_coeff,states.3.lifetime,states.3.maturation,states.3.name,states.3.pka,states.3.qy,uuid
AausFP2,MACGALLFKGKIPFVVELEGDVNGEVFSVRGNGWGDGSTGKLEIKFVCTTGEVPLAWESLICSMAYGALVFCKYPSNINDFFKSTMPRGYIQERKISYENDGTFDVRQEVTYENGALYNRVKFNGSGFRKDGNVLGKKLDLTSIGTCIYIMGNDEGTGLKGVFNKAFKVIGGNRQIASHVQTQTPIGDGLVSIPDYHVMHNHIACSKDPSETRDHIIVKESLRAVDCNTEYM,,,609,52000,,,default,6,,aausfp2_default,,,,,,,,,,,,,,,,,,,,,,,,,,,,,,UHNQV
AausFP3,MACGALLFKGKIPFVVELEGDVNGEVFSVRGNGWGDGSTGKIEIKFVCTTGEIPVAWESLVCSLAYGALVFAKYPSNINDFFKSTMPKGYIQERNIQFENDGQYVTRAEVTYENGTLYNRVKLNGSGFRKDGNILGKKLDSTSLGTCIYIMGNDQGNGLKGVYNKAYKVIGGNRQLASHQQTHTPIGDGLVSIPDYHVMHNHIACSKDPSETRDHIIVKESLRAVDCNTEYM,,,587,59000,,,default,6.5,,aausfp3_default,,,,,,,,,,,,,,,,,,,,,,,,,,,,,,OEVJT
AdRed,MALSKHGLTKDMTMKYRMEGCVDGHKFVITGHGNGSPFEGKQTINLCVVEGGPLPFSEDILSAVFDYGNRVFTDYPQGMVDFFKNSCPAGYTWQRSLLFEDGAVCTASADITVSVEENCFYHESKFHGVNFPADGPVMKKMTINWEPCCEKIIPVPRQGILKGDVAMYLLLKDGGRYRCQFDTVYKAKTDSKKMPEWHFIQHKLTREDRSDAKNQKWQLAEHSVASRSALP,,612,567,,,,default,4,,adred_default,,,,,,,,,,,,,,,,,,,,,,,,,,,,,,DAH3B
AdRed-C148S,MALSKHGLTKDMTMKYRMEGCVDGHKFVITGHGNGSPFEGKQTINLCVVEGGPLPFSEDILSAVFDYGNRVFTDYPQGMVDFFKNSCPAGYTWQRSLLFEDGAVCTASADITVSVEENCFYHESKFHGVNFPADGPVMKKMTINWEPSCEKIIPVPRQGILKGDVAMYLLLKDGGRYRCQFDTVYKAKTDSKKMPEWHFIQHKLTREDRSDAKNQKWQLAEHSVASRSALP,,599,560,,,,default,,,adred-c148s_default,,,,,,,,,,,,,,,,,,,,,,,,,,,,,,THMOX
amilFP593,MALSKHGLTKDMTMKYHMEGSVDGHKFVITGHGNGNPFEGKQTMNLCVVEGGPLPFSEDILSAAFDYGNRVFTEYPQGMVDFFKNSCPAGYTWHRSLLFEDGAVCTTSADITVSVEENCFYHNSKFHGVNFPADGPVMKKMTTNWEPSCEKIIPVPRQGILKGDIAMYLLLKDGGRYRCQFDTIYKAKSDPKEMPEWHFIQHKLTREDRSDAKNQKWQLVEHAVASRSALPG,44.54,593,562,90900,,,default,,0.49,amilfp593_default,,,,,,,,,,,,,,,,,,,,,,,,,,,,,,VDDDT
amilFP597,MALSKHGLTKDMTMKYHMEGSVDGHKFVITGHGNGNPFEGKQTVNLCVAEGGPLPFSEDILSAAFDYGNRVFTEYPQGMVDFFKNSCPAGYTWHRSLLFEDGAVCTTSADITVSVEENCFYHNSKFHGVNFPADGPVMKKMTTNWEPSCEKIIPVPRQGILKGDIAMYLLLKDGGRYRCQFDTIYKAKSDPKEMPEWHFIQHKLTREDRSDAKNQKWQLVEHAVASRSALPG,,597,558,,,,default,,,amilfp597_default,,,,,,,,,,,,,,,,,,,,,,,,,,,,,,2YKB1
anm2CP,MEGGPALFQSDMTFKIFIDGVVNDQKFTIIADGSSKFPHGDFNVHAVCETGKLPMSWKPICHLIQYGEPFFAKYPNGISHFAQECFPEGLTIDRTVRFENDGTMTSHHTYELDGTCVISRITVNCDGFQPDGPIMKDQLVDILPTETHMFPHGSNAVRQLCYIGFTTADGGLMMSHFDSKLTFNGSRAIKIPGPHFVTVIIKQMKDTSDKRDHVCQREVTYAHSVPRITSAI,0.12,597,572,120000,,,default,,0.001,anm2cp_default,,,,,,,,,,,,,,,,,,,,,,,,,,,,,,SEJPD
AQ14,MASLVTEDMCIKMTMEGTVNGHHFKCVGEGEGKPFEGTQVEKIRITEGGPLPFAYDILAPCCMYGSKTFIKHVSGIPDYFKESFPEGFTWERTQIFEDGGSLTIHQDTSLQGNNFIFKVNVIGANFPANGPVMQKKTAGWEPSVEILYPRDGVLCGQALMALKCTDGNHLTSHLRTTYRSRKPSNAVNMPEFHFGDHRIEILKAEQGKFYEQYESAVARYCEAAPSKLGHH,,663,590,,,,default,,,aq14_default,,,,,,,,,,,,,,,,,,,,,,,,,,,,,,WBK4U
AQ143,MAPLVTEDMCIKMTMEGTINGHHFKCVGEGEGKPFEGTQVEKIRITEGGPLPFAYDILAPCCMYGSKTFIKHVSGIPDYFKESFPEGFTWERTQIFEDGGSLTIHQDTSLQGNNFIFKVNVIGANFPANGPVMQKKTAGWEPSVEILYPRDGVLCGQALMALKCTDGDHLTSHLRTTYRSRKPSNAVNMPEFHFGDHRIEILKAEQGKFYEQYESAVARYCEAAPSKLGHH,3.6,655,595,90000,,,default,,0.04,aq143_default,,,,,,,,,,,,,,,,,,,,,,,,,,,,,,GW5EB
asCP562,MASFLKKTMPFKTTIEGTVNGHYFKCTGKGEGNPFEGTQEMKIEVIEGGPLPFAFHILSTSCMYGSKTFIKYVSGIPDYFKQSFPEGFTWERTTTYEDGGFLTAHQDTSLDGDCLVYKVKILGNNFPADGPVMQNKAERWEPATEILYEVDGVLRGQSLMALKCPGGRHLTCHLHSTYRSKKPASALKMPGFHFGDHRIEIMEEVEKGKCYKQYEAAVARYCDAAPSKLGHH,,595,562,,,,default,,,ascp562_default,,,,,,,,,,,,,,,,,,,,,,,,,,,,,,3NV4W
AsRed2,MASLLKKTMPFRTTIEGTVNGHYFKCTGKGEGNPLEGTQEMKIEVIEGGPLPFAFHILSTSCMYGSKAFIKYVSGIPDYFKQSLPEGFTWERTTTYEDGGFLTAHQDTSLDGDCLVYKVKILGNNFPADGPVMQNKAGRWEPSTEIVYEVDGVLRGQSLMALECPGGRHLTCHLHTTYRSKKPASALKMPGFHFEDHRIEILEEVEKGKCYKQYEAAVGRYCDAAPSKLGH,2.81,592,576,56200,,,default,,0.05,asred2_default,,,,,,,,,,,,,,,,,,,,,,,,,,,,,,8TL1P
asulCP,MASFLKKTMPFKTTIEGTVNGHYFKCTGKGEGNPFEGTQEMKIEVIEGGPLPFAFHILSTSCMYGSKTFIKYVSGIPDYFKQSFPEGFTWERTTTYEDGGFLTAHQDTSLDGDCLVYKVKILGNNFPADGPVMQNKAGRWEPATEIVYEVDGVLRGQSLMALKCPGGRHLTCHLHTTYRSKKPASALKMPGFHFEDHRIEIMEEVEKGKCYKQYEAAVGRYCDAAPSKLGHN,,595,572,,,,default,,,asulcp_default,,,,,,,,,,,,,,,,,,,,,,,,,,,,,,M3FBS
AzaleaB5,MENVRRKTGIQTEMKTKLHMDGMVNGHSFEIKGEGKGSPYEGVQTMKLKVTKGAPLPFSIDILLPQCMYGSKPFIKYPENIPDYLKLSFPEGITWERTMTFEDGAVCDVSNDSRLVGNCFIYTVKFQGVNFPLDGPVMQKKTRGWEPSTEVLYECDGWMRGLVDIALKLENGGHYMCNFKTTYKSKKGLEVPPYHFVDHKLDLLSHNTDGATFEEFEQGEIAHAHLSKLA,60.32,596,574,104000,,,default,,0.58,azaleab5_default,,,,,,,,,,,,,,,,,,,,,,,,,,,,,,886AH
ccalRFP1,MSLSKQVLPRDVKMRYHMDGCVNGHQFIIEGEGTGKPYEGKKILELRVTKGGPLPFAFDILSSVFTYGNRCFCEYPEDMPDYFKQSLPEGHSWERTLMFEDGGCGTASAHISLDKNCFVHKSTFHGVNFPANGPVMQKKTLNWEPSSELITAGDGILKGDVTMFLMLEGGHRLKCQFTTSYKAKKAVKMPPNHIIEHRLVRKEVADAVQIQEHAVAKHFIV,54.28,598,568,92000,,,default,,0.59,ccalrfp1_default,,,,,,,,,,,,,,,,,,,,,,,,,,,,,,T44E8
cgfmKate2,MVSELIKENMHMKLYMEGTVNNHHFKATSEGEGKPYEGTQTMRIKAVEGGPLPFAFDILATSFMYGSKTFINHTQGIPDFFKQSFPEGFTWERVTTYEDGGVLTATQDTSLQDGMLIYNVKIRGVNFPSNGPVMQKKTLGWEASTETLYPADGGLEGRADMALKLVGGGHLIANLKTTYRSKKPAKNLKMPGVYYVDRRLERIKEADKETYVEQHEVAVARYSDLPSKLGHR,25.85,628,584,55000,,,default,4.6,0.47,cgfmkate2_default,,,,,,,,,,,,,,,,,,,,,,,,,,,,,,2D7XF
cgfTagRFP,MSELIKENMHMKLYMEGTVNNHHFKATSEGEGKPYEGTQTMRIKVVEGGPLPFAFDILATSFMYGSRTFINHTQGIPDFFKQSFPEGFTWERVTTYEDGGVLTATQDTSLQDGMLIYNVKIRGVNFPSNGPVMQKKTLGWEANTEMLYPADGGLEGRSDMALKLVGGGHLIVNFKTTYRSKKPAKNLKMPGVYYVDHRLERIKEADKETYVEQHEVAVARYSDLPSKLGHK,45.9,585,556,90000,,,default,2.9,0.51,cgftagrfp_default,,,,,,,,,,,,,,,,,,,,,,,,,,,,,,G9U12
cp-mKate,GHLICNLKTTYRSKKPAKNLKMPGVYYVDRRLERIKEADKETYVEQHEVAVARYCDLPSKLGHAGGTGGSMSELITENMHMKLYMEGTVNNHHFKCTSEGEGKPYEGTQTMRIKVVEGGPLPFAFDILATSFMYGSKTFINHTQGIPDFFKQSFPEGFTWERVTTYEDGGVLTATQDTSLQDGCLIYNVKIRGVNFPSNGPVMQKKTLGWEASTEMLYPADGGLEGRSDMALKLV,,620,588,,,,default,,0.33,cp-mkate_default,,,,,,,,,,,,,,,,,,,,,,,,,,,,,,2EM4B
dimer1,MVASSEDVIKEFMRFKVRMEGSVNGHEFEIEGEGEGRPYEGTQTAKLKVTKGGPLPFAWDILSPQFQYGSKVYVKHPADIPDYKKLSFPEGFKWERVMNFEDGGVVTVTQDSSLQDGCFIYKVKFRGVNFPSDGPVMQKKTMGWEASTERLYPRDGVLKGEIHQALKLKDGGHYLVEFKTIYMAKKPVQLPGYYYVDTKLDITSHNEDYTIVEQYERAEGRHHLFL,,579,551,,,,default,,,dimer1_default,,,,,,,,,,,,,,,,,,,,,,,,,,,,,,ZC4KN
dimer2,MVASSEDVIKEFMRFKVRMEGSVNGHEFEIEGEGEGRPYEGTQTAKLKVTKGGPLPFAWDILSPQFQYGSKAYVKHPADIPDYKKLSFPEGFKWERVMNFEDGGVVTVTQDSSLQDGTLIYKVKFRGTNFPPDGPVMQKKTMGWEASTERLYPRDGVLKGEIHQALKLKDGGHYLVEFKTIYMAKKPVQLPGYYYVDTKLDITSHNEDYTIVEQYERSEGRHHLFL,47.61,579,552,69000,,120,default,4.9,0.69,dimer2_default,,,,,,,,,,,,,,,,,,,,,,,,,,,,,,DFXUK
dis2RFP,MSCSKNVIKEFMRFKVRMEGTVNGHEFEIKGEGEGRPYEGHCSVKLMVTKGGPLPFAFDILSPQFQYGSKVYVKHPADIPDYKKLSFPEGFKWERVMNFEDGGVVTVSQDSSLKDGCFIYEVKFIGVNFPSDGPVMQRRTRGWEASSERLYPRDGVLKGDIHMALRLEGGGHYLVEFKSIYMVKKPSVQLPGYYYVDSKLDMTSHNEDYTVVEQYEKTQGRHHPFIKPLQ,,593,573,,,,default,,,dis2rfp_default,,,,,,,,,,,,,,,,,,,,,,,,,,,,,,ORVNV
d-RFP618,MNSLIKENMRMMVVMEGSVNGYQFKCTGEGDGNPYMGTQTMRIKVVEGGPLPFAFDILATSFMYGSKTFIKHTKGIPDFFKQSFPEGFTWERVTRYEDGGVFTVMQDTSLEDGCLVYHAKVRGVNFPSNGAVMQKKTKGWEPSTEMLYPADGGLRGYSQMALNVDGGGYLFCSFETTYRSKKTDENFKMPGFHFVDHRLERLEESDKEMFVVQHEHAVAKFCDLPSKLGRL,,618,560,,,480,default,,0.35,d-rfp618_default,,,,,,,,,,,,,,,,,,,,,,,,,,,,,,GZCBS
DspR1,MSCSKNVIKEFMRFKVRMEGTVNGHEFEIEGEGEGRPYEGHNTVKLKVTKGGPLPFAWDILSPQFQYGSKVYVKHPADIPDYKKLSFPEGFKWERVMNFEDGGVVTVTQDPSLQDGCFIYKVKFIGVNFPSDGPVMQKKTMGWEASTERLYPRDGVLKGEIHKALKLKDGGHYLVEFKTIYMAKKPVQLPGYYYVDSKLDITSHNKDYTIVEQYERTEGRHHLFLKAELGSNVGER,,582,556,,,,default,,,dspr1_default,,,,,,,,,,,,,,,,,,,,,,,,,,,,,,9T6B1
DsRed,MRSSKNVIKEFMRFKVRMEGTVNGHEFEIEGEGEGRPYEGHNTVKLKVTKGGPLPFAWDILSPQFQYGSKVYVKHPADIPDYKKLSFPEGFKWERVMNFEDGGVVTVTQDSSLQDGCFIYKVKFIGVNFPSDGPVMQKKTMGWEASTERLYPRDGVLKGEIHKALKLKDGGHYLVEFKSIYMAKKPVQLPGYYYVDSKLDITSHNEDYTIVEQYERTEGRHHLFL,49.3,583,558,72500,,1600,default,,0.68,dsred_default,,,,,,,,,,,,,,,,,,,,,,,,,,,,,,EGE3L
DsRed2,MASSENVITEFMRFKVRMEGTVNGHEFEIEGEGEGRPYEGHNTVKLKVTKGGPLPFAWDILSPQFQYGSKVYVKHPADIPDYKKLSFPEGFKWERVMNFEDGGVATVTQDSSLQDGCFIYKVKFIGVNFPSDGPVMQKKTMGWEASTERLYPRDGVLKGETHKALKLKDGGHYLVEFKSIYMAKKPVQLPGYYYVDAKLDITSHNEDYTIVEQYERTEGRHHLFL,28.6,587,561,52000,,390,default,,0.55,dsred2_default,,,,,,,,,,,,,,,,,,,,,,,,,,,,,,TXLFX
DsRed-Express,MASSEDVIKEFMRFKVRMEGSVNGHEFEIEGEGEGRPYEGTQTAKLKVTKGGPLPFAWDILSPQFQYGSKVYVKHPADIPDYKKLSFPEGFKWERVMNFEDGGVVTVTQDSSLQDGSFIYKVKFIGVNFPSDGPVMQKKTMGWEASTERLYPRDGVLKGEIHKALKLKDGGHYLVEFKSIYMAKKPVQLPGYYYVDSKLDITSHNEDYTIVEQYERAEGRHHLFL,12.64,586,554,30100,,42,default,4.8,0.42,dsred-express_default,,,,,,,,,,,,,,,,,,,,,,,,,,,,,,DCYCK
DsRed-Express2,MDSTENVIKPFMRFKVHMEGSVNGHEFEIEGEGEGKPYEGTQTAKLQVTKGGPLPFAWDILSPQFQYGSKVYVKHPADIPDYKKLSFPEGFKWERVMNFEDGGVVTVTQDSSLQDGTFIYHVKFIGVNFPSDGPVMQKKTLGWEPSTERLYPRDGVLKGEIHKALKLKGGGHYLVEFKSIYMAKKPVKLPGYYYVDSKLDITSHNEDYTVVEQYERAEARHHLFQ,14.95,591,554,35600,,42,default,,0.42,dsred-express2_default,,,,,,,,,,,,,,,,,,,,,,,,,,,,,,5DP2R
DsRed.M1,MDNTEDVIKEFMQFKVRMEGSVNGHYFEIEGEGEGKPYEGTQTAKLQVTKGGPLPFAWDILSPQFQYGSKAYVKHPADIPDYMKLSFPEGFTWERSMNFEDGGVVEVQQDSSLQDGTFIYKVKFKGVNFPADGPVMQKKTAGWEPSTEKLYPQDGVLKGEISHALKLKDGGHYTCDFKTVYKAKKPVQLPGNHYVDSKLDITNHNEDYTVVEQYEHAEARHSGSQ,3.82,587,558,27300,1.4,,default,,0.14,dsredm1_default,,,,,,,,,,,,,,,,,,,,,,,,,,,,,,N33JN
DsRed-Max,MDSTENVIKPFMRFKVHMEGSVNGHEFEIEGEGEGKPYEGTQTAKLQVTKGGPLPFAWDILSPQFMYGSKVYTKHPADIPDYKKLSFPEGFKWERVMNFEDGGVVTVTQDSSLQDGTFIYHVKFIGVNFPSDGPVMQKKTLGWEPSTERLYPRDGVLKGEIHKALKLKGGGHYLCEFKSIYMAKKPVKLPGYYYVDSKLDITSHNEDYTVVEQYERTEARHHLFQ,19.68,589,560,48000,,72,default,,0.41,dsred-max_default,,,,,,,,,,,,,,,,,,,,,,,,,,,,,,UVJD2
DsRed.T3,MASSEDVIKEFMRFKVRMEGSVNGHEFEIEGEGEGRPYEGTQTAKLKVTKGGPLPFAWDILSPQFQYGSKVYVKHPADIPDYKKLSFPEGFKWERVMNFEDGGVVTVTQDSSLQDGCFIYKVKFIGVNFPSDGPVMQKKTMGWEPSTERLYPRDGVLKGEIHKALKLKDGGHYLVEFKSIYMAKKPVQLPGYYYVDSKLDITSHNEDYTIVEQYERTEGRHHLFL,29.2,587,560,49500,,78,default,,0.59,dsredt3_default,,,,,,,,,,,,,,,,,,,,,,,,,,,,,,FRM5D
DsRed.T4,MASSEDVIKEFMRFKVRMEGSVNGHEFEIEGEGEGRPYEGTQTAKLKVTKGGPLPFAWDILSPQFQYGSKVYVKHPADIPDYKKLSFPEGFKWERVMNFEDGGVVTVTQDSSLQDGCFIYKVKFIGVNFPSDGPVMQKKTMGWEPSTERLYPRDGVLKGEIHKALKLKDGGHYLVEFKSIYMAKKPVQLPGYYYVDSKLDITSHNEDYTIVEQYERAEGRHHLFL,13.33,586,555,30300,,42.6,default,,0.44,dsredt4_default,,,,,,,,,,,,,,,,,,,,,,,,,,,,,,XHBTX
dTomato,MVSKGEEVIKEFMRFKVRMEGSMNGHEFEIEGEGEGRPYEGTQTAKLKVTKGGPLPFAWDILSPQFMYGSKAYVKHPADIPDYKKLSFPEGFKWERVMNFEDGGLVTVTQDSSLQDGTLIYKVKMRGTNFPPDGPVMQKKTMGWEASTERLYPRDGVLKGEIHQALKLKDGGHYLVEFKTIYMAKKPVQLPGYYYVDTKLDITSHNEDYTIVEQYERSEGRHHLFLYGMDELYK,47.61,581,554,69000,,60,default,4.7,0.69,dtomato_default,,,,,,,,,,,,,,,,,,,,,,,,,,,,,,G1DQY
E2-Crimson,MDSTENVIKPFMRFKVHMEGSVNGHEFEIEGVGEGKPYEGTQTAKLQVTKGGPLPFAWDILSPQFFYGSKAYIKHPADIPDYLKQSFPEGFKWERVMNFEDGGVVTVTQDSSLQDGTLIYHVKFIGVNFPSDGPVMQKKTLGWEPSTERNYPRDGVLKGENHMALKLKGGGHYLCEFKSIYMAKKPVKLPGYHYVDYKLDITSHNEDYTVVEQYERAEARHHLFQ,28.98,646,611,126000,,24,default,4.5,0.23,e2-crimson_default,,,,,,,,,,,,,,,,,,,,,,,,,,,,,,VSU6B
E2-Red/Green,MDSTENVIKPFMRFKVHMEGSVNGHEFEIEGEGEGKPYEGTHTVKLQVTKGGPLPFAWDILSPQFQYGSKVYVKHPADIPDYKKLSFPEGFKWERVMNFEDGGVVTVTQDSSLQDGTFIYHVKFIGVNFPSDGPVMQKKTLGWEPSTERLYPRDGVLKGEIHKALKLKGGGHYLVEFKSIYMAKKPVKLPGYYYVDSKLDITSHNEDYTVVEQYERTEGRHHLFQ,36.05,585,560,53800,,72,default,4.5,0.67,e2-redgreen_default,,,,,,,,,,,,,,,,,,,,,,,,,,,,,,VB2NB
eechRFP,MSLINPEMKIKLLMEGNVNGHPFVIEGDGKGHPFEGKQSMDLVVKEGAPLPFAYDILTTAFHYGNRVFAKYPDHIPDYFKQSFPNGFSWERSLMFEDGGVCIATNDITLEGDTFFNKVRFYGVNFPPNGPVMQKKTLKWEASTEKMYLRDGVLTGDITMALLLKGDVHYRCDFRTTYKSRQEGVKLPGYHFVDHCISIVSHDKDYTKVKLYEHAVAHLGLPENVK,5.2,582,574,12100,,,default,,0.43,eechrfp_default,,,,,,,,,,,,,,,,,,,,,,,,,,,,,,JB7SD
eforCP,MSVIKQVMKTKLHLEGTVNGHDFTIEGKGEGKPYEGLQHMKMTVTKGAPLPFSVHILTPSHMYGSKPFNKYPADIPDYHKQSFPEGMSWERSMIFEDGGVCTASNHSSINLQENCFIYDVKFHGVNLPPDGPVMQKTIAGWEPSVETLYVRDGMLKSDTAMVFKLKGGGHHRVDFKTTYKAKKPVKLPEFHFVEHRLELTKHDKDFTTWDQQEAAEGHFSPLPKALP,17.81,609,589,111300,,,default,,0.16,eforcp_default,,,,,,,,,,,,,,,,,,,,,,,,,,,,,,TDA9A
eqFP578,MSELIKENMHMKLYMEGTVNNHHFKCTSEGERKPYEGTQTMKIKVVEGGPLPFAFDILATSFMYGSKTFINHTQGIPDLFKQSFPEGFTWERITTYEDGGVLTATQDTSLQNGCIIYNVKINGVNFPSNGSVMQKKTLGWEANTEMLYPADGGLRGHSQMALKLVGGGYLHCSFKTTYRSKKPAKNLKMPGFHFVDHRLERIKEADKETYVEQHEMAVAKYCDLPSKLGHR,55.08,578,552,102000,,,default,,0.54,eqfp578_default,,,,,,,,,,,,,,,,,,,,,,,,,,,,,,G5OWS
eqFP611,MNSLIKENMRMMVVMEGSVNGYQFKCTGEGDGNPYMGTQTMRIKVVEGGPLPFAFDILATSFMYGSKTFIKHTKGIPDFFKQSFPEGFTWERVTRYEDGGVFTVMQDTSLEDGCLVYHAKVTGVNFPSNGAVMQKKTKGWEPNTEMLYPADGGLRGYSQMALNVDGGGYLSCSFETTYRSKKTVENFKMPGFHFVDHRLERLEESDKEMFVVQHEHAVAKFCDLPSKLGRL,35.1,611,559,78000,2.5,270,default,3.84,0.45,eqfp611_default,,,,,,,,,,,,,,,,,,,,,,,,,,,,,,R5RQ5
eqFP611 V124T,MNSLIKENMRMMVVMEGSVNGYQFKCTGEGDGNPYMGTQTMRIKVVEGGPLPFAFDILATSFMYGSKTFIKHTKGIPDFFKQSFPEGFTWERVTRYEDGGVFTVMQDTSLEDGCLVYHAKVTGTNFPSNGAVMQKKTKGWEPNTEMLYPADGGLRGYSQMALNVDGGGYLSCSFETTYRSKKTVENFKMPGFHFVDHRLERLEESDKEMFVVQHEHAVAKFCDLPSKLGRL,31.08,611,559,74000,,450,default,,0.42,eqfp611-v124t_default,,,,,,,,,,,,,,,,,,,,,,,,,,,,,,ALL3F
eqFP650,MGEDSELISENMHMKLYMEGTVNGHHFKCTSEGEGKPYEGTQTAKIKVVEGGPLPFAFDILATSFMYGSKTFINHTQGIPDFFKQSFPEGFTWERITTYEDGGVLTATQDTSLQNGCLIYNVKINGVNFPSNGPVMQKKTLGWEASTEMLYPADSGLRGHSQMALKLVGGGYLHCSLKTTYRSKKPAKNLKMPGFYFVDRKLERIKEADKETYVEQHEMAVARYCDLPSKLGHS,15.6,650,592,65000,,,default,5.7,0.24,eqfp650_default,,,,,,,,,,,,,,,,,,,,,,,,,,,,,,JS838
eqFP670,MGEDSELISENMHTKLYMEGTVNGHHFKCTSEGEGKPYEGTQTCKIKVVEGGPLPFAFDILATSFMYGSKTFINHTQGIPDFFKQSFPEGFTWERITTYEDGGVLTATQDTSLQNGCLIYNVKINGVNFPSNGPVMQKKTLGWEANTEMLYPADSGLRGHNQMALKLVGGGYLHCSLKTTYRSKKPAKNLKMPGFYFVDRKLERIKEADKETYVEQHEMAVARYCDLPSKLGHS,4.2,670,605,70000,,,default,4.5,0.06,eqfp670_default,,,,,,,,,,,,,,,,,,,,,,,,,,,,,,7FXGZ
FP586,MSCSKNVIKEFMRFKVRMEGTVNGHEFEIEGEGEGRPYGGHNTVKLKVTKGGPLPFAWDILSPQFQYGSKVYVKHPADIPDYKKLSFPEGFKWERVMNFEDGGVVTVTQDSSLQDGCFIYKVKFIGVNFPSDGPVMQKKTMGWEASTERLYPRDGVLKGDIHKALKLKDGGHYLVEFKSIYMAKKPVQLPGYYYVDSKLDITSHNEDYTIVEQYERTEGRHHLFL,,586,559,,,,default,,,fp586_default,,,,,,,,,,,,,,,,,,,,,,,,,,,,,,WUW5F
FR-1,MVSELIKENMPMKLYMEGTINNHHFKCTSEGEGKPYEGTQTMRIKVVEGGPPPFAFDILATSFMYGSRTFIKHPPGIPDFFKQSFPEGFTWERVTTYEDGGVLTATQDTSLQDGCLIYNVKVRGVNFPANGPVMQKKTLGWEASTETMYPADGGLEGACDMALKLVGGGHMICNLETTYRSKKPATNLKMPGVYNVDHRLERIKEADDETYVEQHEVAVARYSTGGAGDGGK,28.87,594,569,84900,2.3,,default,,0.34,fr-1_default,,,,,,,,,,,,,,,,,,,,,,,,,,,,,,39D4R
FusionRed,MVSELIKENMPMKLYMEGTVNNHHFKCTSEGEGKPYEGTQTMRIKVVEGGPLPFAFDILATSFMYGSRTFIKHPPGIPDFFKQSFPEGFTWERVTTYEDGGVLTATQDTSLQDGCLIYNVKVRGVNFPANGPVMQKKTLGWEASTETMYPADGGLEGACDMALKLVGGGHLICNLETTYRSKKPATNLKMPGVYNVDHRLERIKEADDETYVEQHEVAVARYSTGGAGDGGK,17.95,608,580,94500,1.8,130,default,4.6,0.19,fusionred_default,,,,,,,,,,,,,,,,,,,,,,,,,,,,,,S6A7A
FusionRed-M,MVSELIKENMPMKLYMEGTVNNHHFKCTSEGEGKPYEGTQTMRIKVVEGGPLPFAFDILATSFMYGSRTFIKHPPGIPDFFKQSFPEGFTWERVTTYEDGGVLTATQDTSLQDGCLIYNVKVRGVNFPANGPVMQKKTLGWEASTETMYPADGGLEGACDMALKLVGGGHMICNLETTYRSKKPATNLKMPGVYNVDHRLERIKEADDETYVEQHEVAVARYSTGGAGDGGK,24.17,594,571,71100,2.1,,default,,0.34,fusionred-m_default,,,,,,,,,,,,,,,,,,,,,,,,,,,,,,E3FDV
FusionRed-MQV,MVSELIKENMPMKLYMEGTVNNHHFKCTSEGEGKPYEGTQTQRIKVVEGGPLPFAFDILATSFMYGSRTFIKHPPGIPDFFKQSFPEGFTWERVTTYEDGGVLTATQDTSLQDGCLIYNVKVRGVNFPANGPVMQKKTLGWEASTETMYPADGGLEGAVDMALKLVGGGHLICNMETTYRSKKPATNLKMPGVYNVDHRLERIKEADDETYVEQHEVAVARYSTGGAGDGGK,76.32,585,566,144000,2.77,195,default,4.6,0.53,fusionred-mqv_default,,,,,,,,,,,,,,,,,,,,,,,,,,,,,,F35B7
HcRed,MAGLLKESMRIKMYMEGTVNGHYFKCEGEGDGNPFAGTQSMRIHVTEGAPLPFAFDILAPCCEYGSRTFVHHTAEIPDFFKQSFPEGFTWERTTTYEDGGILTAHQDTSLEGNCLIYKVKVHGTNFPADGPVMKNKSGGWEPSTEVVYPENGVLCGRNVMALKVGDRHLICHHYTSYRSKKAVRALTMPGFHFTDIRLQMLRKKKDEYFELYEASVARYSDLPEKAN,0.3,645,592,20000,,,default,,0.015,hcred_default,,,,,,,,,,,,,,,,,,,,,,,,,,,,,,LP3PQ
HcRed7,MAGLLKESMRIKMYMEGTVNGHYFKCEGEGDGNPFAGTQSMRIHVTEGAPLPFAFDILAPCCEYGSKTFVHHTAEIPDFFKQSFPEGFTWERTTTYEDGGILTAHQDTSLEGNCLIYKVKVHGTNFPADGPVMKNKSGGWEPSTEVVYPENGVLCGRNVMALKVGDRHLICHHYTSYRSKKAVRALTMPGFHFTDYRLQMLRKKKDEYFELYEASVARYSDLPEKAN,6,645,592,75000,,,default,,0.08,hcred7_default,,,,,,,,,,,,,,,,,,,,,,,,,,,,,,LNY1F
HcRed-Tandem,RSPGMSGLLKESMRIKMYMEGTVNGHYFKCEGEGDGNPFAGTQGMRIHVTEGAPLPFAFDILAPCCAYGSRTFVHHTAEIPDFFKQSFPEGFTWERTTTYEDGGILTAHQDTSLEGNCLIYKVKVHGTNFPADGPVMKNESGGWEPSTEVVYPENGVLCGRNVMALKVGDRHLICHLYTSYKSKKAVRALTMPGFHFTDIRLQMLRKKKDEYFELYEASVARYSDLPEKAN,6.4,637,590,160000,,,default,,0.04,hcred-tandem_default,,,,,,,,,,,,,,,,,,,,,,,,,,,,,,VWTNO
Jred,MDEDGSEGGPALFQSDMTFKIFIDGEVNGQKFTIVADGSSKFPHGDFNVHAVCETGKLPMSWKPICHLIQYGEPFFARYPNGISHFAQECFPEGLSIDRTVRFENDGTMTSHHTYELDGTCVVSRITVNCDGFQPDGPIMRDQLVDILPNETHMFPHGPNAVRQLAFIGFTTADGGLMMGHFDSKMTFNGSRAIKIPGPHFVTIITKQMRDTSDKRDHVCQREVTYAHSVPRITSAIGSDEDSGLRSRAQASNSAVDGTAGPGSTGSR,8.8,610,584,44000,,,default,5,0.2,jred_default,,,,,,,,,,,,,,,,,,,,,,,,,,,,,,HKDXH
Katushka,MSVLITENMHMKLYMEGTVNDHHFKCTSEGEGKPYEGTQTMKIKVVEGGPLPFAFDILATSFMYGSKTFINHTQGIPDFFKQSFPEGFTWERITTYEDGGVLTATQDTSLQNGCLIYNVKINGVNFPSNGPVMQKKTLGWEASTEMLYPADSGLRGHSQMALKLVGGGYLHCSLKTTYRSKKPAKNLKMPGFYFVDRRLERIKEADKETYVEQHEMAVARYCDLPSKLGHS,22.1,635,588,65000,2.1,34,default,,0.34,katushka_default,,,,,,,,,,,,,,,,,,,,,,,,,,,,,,Q2ZO7
Katushka2S,MVGEDSVLITENMHMKLYMEGTVNDHHFKCTSEGEGKPYEGTQTMKIKVVEGGPLPFAFDILATSFMYGSKTFINHTQGIPDFFKQSFPEGFTWERITTYEDGGVLTATQDTSLQNGCLIYNVKINGVNFPSNGPVMQKKTLGWEASTEMLYPADSGLRGHAQMALKLVGGGYLHCSLKTTYRSKKPAKNLKMPGFYFVDRRLERIKEADKETYVEQHEMAVARYCDLPSKLGHS,29.48,633,588,67000,,14,default,5.4,0.44,katushka2s_default,,,,,,,,,,,,,,,,,,,,,,,,,,,,,,4E21X
Katushka-9-5,MGEDSELISENMHMKLYMEGTVNDHHFKCTSEGEGKPYEGTQTMKIKVVEGGPLPFAFDILATSFMYGSKTFINHTQGIPDFFKQSFPEGFTWERITTYEDGGVLTATQDTSLQNGCLIYNVKINGVNFPSNGPVMQKKTLGWEASTEMLYPADSGLRGHSQMALKLVGGGYLHCSLKTTYRSKKPAKNLKMPGFYFVDRKLERIKEADKETYVEQHEMAVARYCDLPSKLGHS,,635,588,,,27.4,default,,,katushka-9-5_default,,,,,,,,,,,,,,,,,,,,,,,,,,,,,,JO1K2
KillerRed,MEGGPALFQSDMTFKIFIDGEVNGQKFTIVADGSSKFPHGDFNVHAVCETGKLPMSWKPICHLIQYGEPFFARYPDGISHFAQECFPEGLSIDRTVRFENDGTMTSHHTYELDDTCVVSRITVNCDGFQPDGPIMRDQLVDILPNETHMFPHGPNAVRQLAFIGFTTADGGLMMGHFDSKMTFNGSRAIEIPGPHFVTIITKQMRDTSDKRDHVCQREVAYAHSVPRITSAIGSDED,11.25,610,585,45000,,,default,,0.25,killerred_default,,,,,,,,,,,,,,,,,,,,,,,,,,,,,,MSYZC
M355NA,MASFLTETMPFKTTIEGTVNGHYFKCTGKGEGNPFEGTQEMKIEVIEGGPLPFAFHILSTSCMYGSKTFIKYVSGIPDYFKQSFPEGFTWERTTTYEDGGFLTAHQDTSLDGDCLVYKVKILGNNFPADGPVMQNKAGRWEPCTEIVYEVDGVLRGQSLMALKCPGGRHLTCHLHTTYRSKKPASALKMPGFHFEDHRIEIMEEVEKGKCYKQYEAAVGRYCDAAPSKLGHN,46.2,595,572,220000,,,default,,0.21,m355na_default,,,,,,,,,,,,,,,,,,,,,,,,,,,,,,PO1ML
mApple,MVSKGEENNMAIIKEFMRFKVHMEGSVNGHEFEIEGEGEGRPYEAFQTAKLKVTKGGPLPFAWDILSPQFMYGSKVYIKHPADIPDYFKLSFPEGFRWERVMNFEDGGIIHVNQDSSLQDGVFIYKVKLRGTNFPSDGPVMQKKTMGWEASEERMYPEDGALKSEIKKRLKLKDGGHYAAEVKTTYKAKKPVQLPGAYIVDIKLDIVSHNEDYTIVEQYERAEGRHSTGGMDELYK,36.75,592,568,75000,2.9,30,default,6.5,0.49,mapple_default,,,,,,,,,,,,,,,,,,,,,,,,,,,,,,T5UGO
Maroon0.1,MVSKGEELIKENMHMKLYMEGTVNNHHFKCTSEGEGKPYEGTQTGRIKVVEGGPLPFAFDILAPCFMYGSKTFINHTQGIPDFFKQSFPEGFTWERVTTYEDGGVLTVTQDTSLQDGCLIYNVKLRGVNFPSNGPVMQKKTLGWEASTETLYPADGGLEGRCDWALKLVGGGHLHCNLKTTYRSKKPAKNLKMPGVYFVDRRLERIKEADNETYVEQHEVAVARYCDLPSKLGHKLNGMDELYK,5.5,650,610,50000,,,default,,0.11,maroon01_default,,,,,,,,,,,,,,,,,,,,,,,,,,,,,,6F9A8
mCardinal,MVSKGEELIKENMHMKLYMEGTVNNHHFKCTTEGEGKPYEGTQTQRIKVVEGGPLPFAFDILATCFMYGSKTFINHTQGIPDFFKQSFPEGFTWERVTTYEDGGVLTVTQDTSLQDGCLIYNVKLRGVNFPSNGPVMQKKTLGWEATTETLYPADGGLEGRCDMALKLVGGGHLHCNLKTTYRSKKPAKNLKMPGVYFVDRRLERIKEADNETYVEQHEVAVARYCDLPSKLGHKLNGMDELYK,16.53,659,604,87000,,27,default,5.3,0.19,mcardinal_default,,,,,,,,,,,,,,,,,,,,,,,,,,,,,,7EWEM
mCarmine,MVSKGEELIKENMHMKLYMEGTVNNHHFKCTSEGEGKPYEGTQTQRIKVVEGGPLPFAFDILATSFMYGSKTFINHTQGIPDFFKQSFPEGFTWERVTTYEDGGVLKVKQDTSLQDGCLIYNVKIRGVNFPSNGPVMQKKTLGWEANTETLYPADGGLRGYNTMALKLVGGGHLQTFLKTTYRSKKPAKNLKMPGVYFVDRRLERIKEADKETYVEQHEVAVARYCDLPSKLGHKLNGMDELYK,5.81,675,603,83000,,,default,5.58,0.07,mcarmine_default,,,,,,,,,,,,,,,,,,,,,,,,,,,,,,LG377
mCherry,MVSKGEEDNMAIIKEFMRFKVHMEGSVNGHEFEIEGEGEGRPYEGTQTAKLKVTKGGPLPFAWDILSPQFMYGSKAYVKHPADIPDYLKLSFPEGFKWERVMNFEDGGVVTVTQDSSLQDGEFIYKVKLRGTNFPSDGPVMQKKTMGWEASSERMYPEDGALKGEIKQRLKLKDGGHYDAEVKTTYKAKKPVQLPGAYNVNIKLDITSHNEDYTIVEQYERAEGRHSTGGMDELYK,15.84,610,587,72000,1.4,15,default,4.5,0.22,mcherry_default,,,,,,,,,,,,,,,,,,,,,,,,,,,,,,ZERB6
mCherry2,MVSKGEEDNMAIIKEFMRFKVHMEGSVNGHEFEIEGEGEGRPYEGTQTAKLKVTKGGPLPFAWDILSPQFMYGSKAYVKHPADIPDYLKLSFPEGFNWERVMNFEDGGVVTVTQDSSLQDGEFIYKVKLRGTNFPSDGPVMQCRTMGWEASTERMYPEDGALKGEIKQRLKLKDGGHYDAEVKTTYKAKKPVQLPGAYNVDIKLDILSHNEDYTIVEQYERAEGRHSTGGMDELYK,17.47,610,589,79400,,,default,3.3,0.22,mcherry2_default,,,,,,,,,,,,,,,,,,,,,,,,,,,,,,CN92E
mCherry-XL,MVSKGEEDNMAIIKEFMRFKVHMEGSVNGHEFEIEGEGEGRPYEGTQTAKLKVTKGGPLPFAWDILSPQFMYGSKAYVKHPADIPDYLKLSFPEGFKWERVMNFEDGGVVTVTQDSSLQDGEFIYKVKLRGTNFPSDGPVMQKKTMGSEASSERMYPEDGALKGEVKYRLKLKDGGHYDAEVKTTYKAKKPVQLPGAYNVNRKLDITSHNEDYTIVEQYERAEGRHSTGGMDELYK,50.4,589,558,72000,3.9,,Fluorescent,4.6,0.7,mcherry-xl_fluorescent,,,,,,,,,,,,,,,,,,,,,,,,,,,,,,HZMZV
meffRFP,MALSKNGLTKNMTTKYRMEGCVDGHKFVITGDGIGDPFEGKQTSIDLCVVEGGPLPFSEDILSAVFDYGNRVFTKYPQDLVDYFKNSCPAGYTWQRSFLFEDGAVCTASADITVSVEENCFYHESKFHGVNFPADGPVMKKMTTNWEPSCEKITPIPNEGILKGDVTMFLLLKDGGRYRCQFDTVYKAKSDPKTIMMPDWHFIQHKLNREDRSDAKHQKWRLVENAIAYRSTLS,55.78,576,560,99600,,,default,,0.56,meffrfp_default,,,,,,,,,,,,,,,,,,,,,,,,,,,,,,ND36H
meleRFP,MSVIKPDMKLKLRMEGTVNGHYFVIEGDGKGRPFEGKQSMDLDVKEGGPLPFAYDILTTAFHYGNRVFAEYPDHIPDYFKQSFPGGYSWERSLTFEDGGICIARNDIKMVGDTFYNTVRFDGVNFPPNGPVMQRRTQKWEPSTEKIYVRDGVLTGDITMALLLEGGVHYRCDFRTTYKAKEKGVQLPGYHFVDHCIEILSHDKDYNKVKLYEHAVAHSGLPDNKRQ,38.76,579,573,45600,,,default,,0.85,melerfp_default,,,,,,,,,,,,,,,,,,,,,,,,,,,,,,UWMXB
mGarnet,MNSLIKENMRMKVVLEGSVNGHQFKCTGEGEGNPYMGTQTMRIKVIEGGPLPFAFDILATSFMYGSKTFIKYPKGIPDFFKQSFPEGFTWERVTRYEDGGVITVMQDTSLEDGCLVYHAQVRGVNFPSNGAVMQKKTKGWEPNTEMMYPADGGLRGYNHMALKVDGGGHLSCSLVTTYRSKKTVGNIKMPGIHAVDRRLERLEESDNEMFVVQREHAVAKFAGLGGG,8.55,670,598,95000,0.8,112,default,7.4,0.09,mgarnet_default,,,,,,,,,,,,,,,,,,,,,,,,,,,,,,AE8QV
mGarnet2,MNSLIKENMRMKVVLEGSVNGHQFKCTGEGEGNPYMGTQTMRIKVIEGGPLPFAFDILATSFMYGSKTFIKYPKGIPDFFKQSFPEGFTWERVTRYEDGGVITVMQDTSLEDGCLVYHAQLRGVNFPSNGAVMQKKTKGWEPNTEMMYPADGGLRGYNHMALKVDGGGHLHCSLVTTYRSKKTVGNIKMPGIHAVDRRLERLEESDNEMFVVQREHAVAKFAGLGGG,9.13,671,598,105000,0.76,,default,6.8,0.087,mgarnet2_default,,,,,,,,,,,,,,,,,,,,,,,,,,,,,,7DP3C
mGinger1,MLLKENMHIKMYMEGTVNGHYFKCKGEGDGNPFAGTQSMRVHVTEGAPLPFAFDILAPCCEYGSKTFVRYPADIPDFFKQSFPEGFTWERTTTYEDGGILTAHQDTSLEGNCLIYKVKVHGTNFPADGPVMKKETCGWEPSTESVYPENGVLRGRNHMALKVGDSHLHCHHSTTYRSKKAERALIMPPRHSTDYCLQITSHKDDEYFELYETSVARYSD,1.16,637,587,58000,,106,default,7.9,0.02,mginger1_default,,,,,,,,,,,,,,,,,,,,,,,,,,,,,,AQ2DU
mGinger2,MLLKENMHIRMYMEGTVNGHYFKCKGVGDGNPFAGTQSMRVHVTEGAPLPFAFDILAPCCEYGSKTFVRYPADIPDFFKQSFPEGFTWERTTTYEDGGILTAHQDTSLEGNCLIYKVEVHGTNFPADGPVMKKETCGWEPSTESVYPENGVLRGRNHMALKVGDSHLHCHHSTTYRSKKAERALIMPPRHSTDYCLQITSRKDDEYFELHETSVARYSD,1.44,631,578,36000,,78,default,6.5,0.04,mginger2_default,,,,,,,,,,,,,,,,,,,,,,,,,,,,,,GSP4M
mGrape1,MASSEDVIKEFMRFKVRMEGSVNGHEFEIEGEGEGRPYEGTQTAKLKVTKGGPLPFAWDILSPQFMYGSKAYVKHPADIPDYLKLSFPEGFKWERVMNFEDGGVVTVTQDSSLQDGEFIYKVKLRGTNFPSDGPVMQKKTMGWEASSERLYPEDGALKGEIKMRLKLKDGGHYDAEAKTTYMAKKPVQLPGAYKLDYKLDITSHNEDYTIVEQYERAEGRHSTGA,1.5,625,595,50000,,70,default,4.5,0.03,mgrape1_default,,,,,,,,,,,,,,,,,,,,,,,,,,,,,,AL871
mGrape2,MVSKGEENNMAVIKEFMRFKVRMEGSVNGHEFEIEGKGEGRPYEGTQTAKLKVTKGGPLPFAWDILSPQFMYGSKAYVKHPPDIPDYMKLSFPEGFKWERVMNFEDGGVVTVTQDSSLQDGEFIYKVKLHGTNFPSDGPVMQKKTMGWEASSERLYPEDGALKGEVKMRLKLKDGGHYDAEVKTTYMAKKPVQLPGAYKLDYKLDITSHNEDYTIVEQYERAEGRHSTGGMDELYK,0.99,636,605,33000,,,default,6.3,0.03,mgrape2_default,,,,,,,,,,,,,,,,,,,,,,,,,,,,,,H6RGM
mGrape3,MVSKGEENNMAVIKEFMRFKTHMEGSVNGHEFEIEGKGEGRPYEGTQTAKLKVTKGGPLPFAWDILSPQMMYGSKAYVKHPPDIPDYMKLSFPEGFKWERVMNFEDGGVVTVTQDSSLQDGEFIYKVKLHGTNFPSDGPVMQKKTMGWEASSERLYPEDGALKGEVKMRLKLKDGGHYDAEVKTTYMAKKPVQLPGAYKLDYKLDITSHNEDYTIVEQYERAEGRHSTGGMDELYK,1.2,646,608,40000,,,default,7,0.03,mgrape3_default,,,,,,,,,,,,,,,,,,,,,,,,,,,,,,O351D
mKate,MSELIKENMHMKLYMEGTVNNHHFKCTSEGEGKPYEGTQTMRIKVVEGGPLPFAFDILATSFMYGSKTFINHTQGIPDFFKQSFPEGFTWERVTTYEDGGVLTATQDTSLQDGCLIYNVKIRGVNFPSNGPVMQKKTLGWEASTEMLYPADGGLEGRSDMALKLVGGGHLICNLKTTYRSKKPAKNLKMPGVYYVDRRLERIKEADKETYVEQHEVAVARYCDLPSKLGHK,14.85,635,588,45000,,,default,6.2,0.33,mkate_default,,,,,,,,,,,,,,,,,,,,,,,,,,,,,,WRF55
mKate2,MVSELIKENMHMKLYMEGTVNNHHFKCTSEGEGKPYEGTQTMRIKAVEGGPLPFAFDILATSFMYGSKTFINHTQGIPDFFKQSFPEGFTWERVTTYEDGGVLTATQDTSLQDGCLIYNVKIRGVNFPSNGPVMQKKTLGWEASTETLYPADGGLEGRADMALKLVGGGHLICNLKTTYRSKKPAKNLKMPGVYYVDRRLERIKEADKETYVEQHEVAVARYCDLPSKLGHR,25,633,588,62500,2.5,20,default,5.4,0.4,mkate2_default,,,,,,,,,,,,,,,,,,,,,,,,,,,,,,DBBO8
mKate M41G S158C,MSELIKENMHMKLYMEGTVNNHHFKCTSEGEGKPYEGTQTGRIKVVEGGPLPFAFDILATSFMYGSKTFINHTQGIPDFFKQSFPEGFTWERVTTYEDGGVLTATQDTSLQDGCLIYNVKIRGVNFPSNGPVMQKKTLGWEASTEMLYPADGGLEGRCDMALKLVGGGHLICNLKTTYRSKKPAKNLKMPGVYYVDRRLERIKEADKETYVEQHEVAVARYCDLPSKLGHK,16.06,648,593,73000,,,default,,0.22,mkate-m41g-s158c_default,,,,,,,,,,,,,,,,,,,,,,,,,,,,,,26VNF
mKate S158A,MSELIKENMHMKLYMEGTVNNHHFKCTSEGEGKPYEGTQTMRIKVVEGGPLPFAFDILATSFMYGSKTFINHTQGIPDFFKQSFPEGFTWERVTTYEDGGVLTATQDTSLQDGCLIYNVKIRGVNFPSNGPVMQKKTLGWEASTEMLYPADGGLEGRADMALKLVGGGHLICNLKTTYRSKKPAKNLKMPGVYYVDRRLERIKEADKETYVEQHEVAVARYCDLPSKLGHK,22.5,630,585,75000,,,default,5.4,0.3,mkate-s158a_default,,,,,,,,,,,,,,,,,,,,,,,,,,,,,,BRFP4
mKate S158C,MSELIKENMHMKLYMEGTVNNHHFKCTSEGEGKPYEGTQTMRIKVVEGGPLPFAFDILATSFMYGSKTFINHTQGIPDFFKQSFPEGFTWERVTTYEDGGVLTATQDTSLQDGCLIYNVKIRGVNFPSNGPVMQKKTLGWEASTEMLYPADGGLEGRCDMALKLVGGGHLICNLKTTYRSKKPAKNLKMPGVYYVDRRLERIKEADKETYVEQHEVAVARYCDLPSKLGHK,20.79,630,586,63000,,,default,,0.33,mkate-s158c_default,,,,,,,,,,,,,,,,,,,,,,,,,,,,,,W34KB
mKelly1,MELIKENMRMKLYMEGTVGNHHFKCTAEGEGKPYEGTQTQRIKVVEGGPLPFAFDILATCFMYGSKTFINHPQGIPDFFKQSFPEGFTWERVTTYEDGGVLTVTQDTSLQDGYLIYNVKLRGVNFPSNGPVMQKKTLGWEPTTETLVPVDGGLVGRCDMALRLVGGGHLKCNLKTTYRSKKPAKNLKMPGKYQVDRKLERIKEADNETYVEQHEVAVAR,7.04,656,596,44000,,28,default,5.4,0.16,mkelly1_default,,,,,,,,,,,,,,,,,,,,,,,,,,,,,,3PP3A
mKelly2,MELIKENMRMKLYMEGTVGNHHFKCTAEGEGKPYEGTQTQRIKVVEGGPLPFAFDILATCFMYGSKTFINYPQGIPDFFKQSFPEGFTWERVTTYEDGGVLTVTQDTSLQDGYLIYNVKLRGVNFPSNGPVMQKKTLGWEPTTEYLVPVDGGLEGTCDMALRLVGGGHLKCNLKTTYRSKKPAKNLKMPGEHQVDRKLERIKEADNETYVEQHEVAVAR,7.74,649,598,43000,,20,default,5.6,0.18,mkelly2_default,,,,,,,,,,,,,,,,,,,,,,,,,,,,,,T9G4X
mKO2,MVSVIKPEMKMRYYMDGSVNGHEFTIEGEGTGRPYEGHQEMTLRVTMAEGGPMPFAFDLVSHVFCYGHRVFTKYPEEIPDYFKQAFPEGLSWERSLEFEDGGSASVSAHISLRGNTFYHKSKFTGVNFPADGPIMQNQSVDWEPSTEKITASDGVLKGDVTMYLKLEGGGNHKCQMKTTYKAAKEILEMPGDHYIGHRLVRKTEGNITEQVEDAVAHS,39.56,565,551,63800,,108,default,5.5,0.62,mko2_default,,,,,,,,,,,,,,,,,,,,,,,,,,,,,,134NN
mLumin,MSELIKENMHMKLYMEGTVNNHHFKCTSEGEGKPYEGTQTMRIKVVEGGPLPFAFDILATSFMYGSKTFINHTQGIPDFFKQSFPEGFTWERVTTYEDGGVLTATQDTSLQDGCLIYNVKIRGVNFPSNGPVMQKKTLGWEAATEMLYPADGGLEGRSDMALKLVGGGHLICNLKTTYRSKKPAKNLKMPGVYYVDRRLERIKEADKETYVEQHEVAVARYCDLPSKLGHK,32.2,621,587,70000,,76,default,4.7,0.46,mlumin_default,,,,,,,,,,,,,,,,,,,,,,,,,,,,,,UQCHR
mMaroon1,MVSKGEELIKENMHTKLYLTGTVNNHYFECTAEGEGKPYEGTQTNRIKVVRGGPLPFAFDILAPCFMYGSKTFINHPPDIPDYFKQSFPEGFTWERTTVYEDGGTLTATQDTSLQDGCLIYNVQVRGENFPSNGPVMQKKTLGWEASTETLYPADGSLEGRLDWALKLVGGGHLHCRLETTYRSKKPAKNLKMPGVYFIDRRLERIKEADNETYVEQHEVAVARYCDLPSKLGHKLNGMDELYK,8.8,657,609,80000,,20,default,6.2,0.11,mmaroon1_default,,,,,,,,,,,,,,,,,,,,,,,,,,,,,,RATTD
mNectarine,MVSKGEEDNMAIIKEFMRFKVHMEGSVNGHEFEIEGEGEGRPYEGTQTAKLKVTKGGPLPFAWDILSPQFCYGSKAYVKHPADIPDYLKLSFPEGFNWERVMNLEDGGVVTVTQDSSLQDGEFIYKVKLRGTNFPSDGPVMQCRTVGWEASTERMHPEDGALKGEIMQRLKLKDGGHYDAEVKTTYKAKKPVQLPGAYNVDIKLDITSHNEDYTIVELYERAEGRHSTGGMDELYK,26.1,578,558,58000,,30,default,6.9,0.45,mnectarine_default,,,,,,,,,,,,,,,,,,,,,,,,,,,,,,4O71N
mNeptune,MVSKGEELIKENMHMKLYMEGTVNNHHFKCTSEGEGKPYEGTQTGRIKVVEGGPLPFAFDILATCFMYGSKTFINHTQGIPDFFKQSFPEGFTWERVTTYEDGGVLTATQDTSLQDGCLIYNVKIRGVNFPSNGPVMQKKTLGWEASTETLYPADGGLEGRCDMALKLVGGGHLICNLKTTYRSKKPAKNLKMPGVYFVDRRLERIKEADKETYVEQHEVAVARYCDLPSKLGHKLNGMDELYK,13.4,650,600,67000,,35,default,5.4,0.2,mneptune_default,,,,,,,,,,,,,,,,,,,,,,,,,,,,,,1LT8G
mNeptune2,MVSKGEELIKENMHMKLYMEGTVNNHHFKCTSEGEGKPYEGTQTGRIKVVEGGPLPFAFDILATCFMYGSKTFINHTQGIPDFFKQSFPEGFTWERVTTYEDGGVLTVTQDTSLQDGCLIYNVKLRGVNFPSNGPVMQKKTLGWEASTETLYPADGGLEGRCDMALKLVGGGHLHCNLKTTYRSKKPAKNLKMPGVYFVDRRLERIKEADNETYVEQHEVAVARYCDLPSKLGHKLNGMDELYK,21.36,651,599,89000,,27,default,6.3,0.24,mneptune2_default,,,,,,,,,,,,,,,,,,,,,,,,,,,,,,VXEVZ
mNeptune2.5,MVSKGEELIKENMHTKLYMEGTVNNHHFKCTHEGEGKPYEGTQTNRIKVVEGGPLPFAFDILATCFMYGSKTFINHTQGIPDFFKQSFPEGFTWERVTTYEDGGVLTVTQDTSLQDGCLIYNVKLRGVNFPSNGPVMQKKTLGWEASTETLYPADGGLEGRCDMALKLVGGGHLHCNLKTTYRSKKPAKNLKMPGVYFVDRRLERIKEADNETYVEQHEVAVARYCDLPSKLGHKLNGMDELYK,22.8,643,599,95000,,26,default,5.8,0.24,mneptune25_default,,,,,,,,,,,,,,,,,,,,,,,,,,,,,,OADBJ
mNeptune681,MVSKGEELIKENMHMKLYMEGTVNNHHFKCTSEGEGKPYEGTQTQRIKVVEGGPLPFAFDILATCFMYGSKTFINHTQGIPDFFKQSFPEGFTWERVTTYEDGGVLTATQDTSLQDGCLIYNVKIRGVNFPSNGPVMQKKTLGWEANTETLYPADGGLRGHNQMALKLVGGGHLICNLKTTYRSKKPAKNLKMPGVYFVDRRLERIKEADKETYVEQHEVAVARYCDLPSKLGHKLNGMDELYK,1.52,681,604,38000,,,default,7.3,0.04,mneptune681_default,,,,,,,,,,,,,,,,,,,,,,,,,,,,,,REVUQ
mNeptune684,MVSKGEELIKENMHMKLYMEGTVNNHHFKCTSEGEGKPYEGTQTQRIKVVEGGPLPFAFDILATCFMYGSKTFINHTQGIPDFFKQSFPEGFTWERVTTYEDGGVLTATQDTSLQDGCLIYNVKIRGVNFPSNGPVMQKKTLGWEANTETLYPADGGLRGHNPMALKLVGGGHLICNLKTTYRSKKPAKNLKMPGVYFVDRRLERIKEADKETYVEQHEVAVARYCDLPSKLGHKLNGMDELYK,1.17,684,604,39000,,,default,6.5,0.03,mneptune684_default,,,,,,,,,,,,,,,,,,,,,,,,,,,,,,Q8TQ6
Montipora sp. #20-9115,MVSVIAKQMTYKVYMSGTVNGHYFEVEGDGKGKPYEGEQTVKLTVTKGGPLPFAWDILSPLSQYGSIPFTKYPEDIPDYVKQSFPEGYTWERIMNFEDGAVCTVSNDSSIQGNCFIYNVKISGVNFPPNGPVMQKKTQGWEPSTERLFARDGMLIGNDFMALKLEGGGHYLCEFKSTYKAKKPVRMPGYHYVDRKLDVTSHNRDYTSVEQCEISIARHSLLG,,606,580,,,,default,,,montipora-sp-20-9115_default,,,,,,,,,,,,,,,,,,,,,,,,,,,,,,C69E5
mPlum,MVSKGEEVIKEFMRFKEHMEGSVNGHEFEIEGEGEGRPYEGTQTARLKVTKGGPLPFAWDILSPQIMYGSKAYVKHPADIPDYLKLSFPEGFKWERVMNFEDGGVVTVTQDSSLQDGEFIYKVKVRGTNFPSDGPVMQKKTMGWEASSERMYPEDGALKGEMKMRLRLKDGGHYDAEVKTTYMAKKPVQLPGAYKTDIKLDITSHNEDYTIVEQYERAEGRHSTGA,4.1,649,590,41000,,100,default,4.5,0.1,mplum_default,,,,,,,,,,,,,,,,,,,,,,,,,,,,,,XU2WO
mPlum-E16P,MVSKGEEVIKEFMRFKPHMEGSVNGHEFEIEGEGEGRPYEGTQTARLKVTKGGPLPFAWDILSPQIMYGSKAYVKHPADIPDYLKLSFPEGFKWERVMNFEDGGVVTVTQDSSLQDGEFIYKVKVRGTNFPSDGPVMQKKTMGWEASSERMYPEDGALKGEMKMRLRLKDGGHYDAEVKTTYMAKKPVQLPGAYKTDIKLDITSHNEDYTIVEQYERAEGRHSTGA,,630,590,,,,default,4.7,0.14,mplum-e16p_default,,,,,,,,,,,,,,,,,,,,,,,,,,,,,,TCPO9
mRaspberry,MVSKGEEVIKEFMRFKVRMEGSVNGHEFEIEGEGEGRPYEGTQTAKLKVTKGGPLPFAWDILSPQCMYGSKGYVKHPADIPDYLKLSFPEGFKWERVMNFEDGGVVTVTQDSSLQDGEFIYKVKLRGTNFPSDGPVMQKKTMGWEASSERMYPEDGALKGEMKMRLKLKDGGHYDAEVKTTYMAKKPVQLPGAYKTDIKLDITSHNEDYTIVEQYERAEGRHSTGA,12.9,625,598,86000,,,default,,0.15,mraspberry_default,,,,,,,,,,,,,,,,,,,,,,,,,,,,,,V5FM2
mRed7,MVSKGEEVIKEFMQFKVHMEGSVNGHEFEIEGEGEGRPYEGTQTAKLKVTKGGPLPFAWDILSPQFMYGSKAYVKHPADIPDYFKLSFPEGFKWERVMNFEDGGAVTVTQDSSLEDGTLIYKVKFRGTNFPPDGPVMQKKTMGWEPSTERLYPQDGVLKGEISQALKLKDGGHYLVDFKTTYMAKKPVQLPGAYNVDTKLDITSHNEDYTVVEQYERSEGRHSTGGMDELYK,,606,589,,0.43,,default,,,mred7_default,,,,,,,,,,,,,,,,,,,,,,,,,,,,,,1NW9S
mRed7Q1,MVSKGEEVIKEFMQFKVHMEGSVNGHEFEIEGEGEGRPYEGTQTAKLKVTKGGPLPFAWDILSPQFMYGSRAYVKHPADIPDYFKLSFPEGFKWERVMNFEDGGAVTVTQDSSLEDGTLIYKVKFRGTNFPPDGPVMQKKTMGWEPSTERLYPQDGVLKGEISQALKLKDGGHYLVDFKTTYMAKKPVQLPGAYNVDRKLDITSHNEDYTVVEQYERAEGRHSTGGMDELYK,,591,560,,2.29,,default,,,mred7q1_default,,,,,,,,,,,,,,,,,,,,,,,,,,,,,,TJBUO
mRed7Q1S1,MVSKGEEVIKEFMQFKVHMEGSVNGHEFEIEGEGEGRPYEGTQTAKLKVTKGGPLPFAWDILSPQFMYGSRAYTKHPADIPDYFKLSFPEGFKWERVMNFEDGGAVTVTQDSSLEDGTLIYKVKFRGTNFPPDGPVMQKKTMGWEPSTERLYPQDGVLKGEISMALKLKDGGHYLVDFKTTYMAKKPVQLPGAYNVDRKLDITSHNEDYTVVEQYERAEGRHSTGGMDELYK,,595,569,,,,default,,,mred7q1s1_default,,,,,,,,,,,,,,,,,,,,,,,,,,,,,,9TBLQ
mRed7Q1S1BM,MVSKGEAVIKEFMRFKVHMEGSMNGHEFEIEGEGEGRPYEGTQTAKLKVTKGGPLPFSWDILSPQFMYGSRAFTKHPADIPDYFKQSFPEGFKWERVMNFEDGGAVTVTQDTSLEDGTLIYKVKLRGTNFPPDGPVMQKKTMGWEASTERLYPEDGVLKGDIKMALRLKDGGRYLVDFKTTYKAKKPVQMPGAYNVDRELDITSHNEDYTVVEQYERSEGRHSTGGMDELYK,,596,569,,3.3,,default,,,mred7q1s1bm_default,,,,,,,,,,,,,,,,,,,,,,,,,,,,,,86QDA
mRFP1,MASSEDVIKEFMRFKVRMEGSVNGHEFEIEGEGEGRPYEGTQTAKLKVTKGGPLPFAWDILSPQFQYGSKAYVKHPADIPDYLKLSFPEGFKWERVMNFEDGGVVTVTQDSSLQDGEFIYKVKLRGTNFPSDGPVMQKKTMGWEASTERMYPEDGALKGEIKMRLKLKDGGHYDAEVKTTYMAKKPVQLPGAYKTDIKLDITSHNEDYTIVEQYERAEGRHSTGA,12.5,607,584,50000,,60,default,4.5,0.25,mrfp1_default,,,,,,,,,,,,,,,,,,,,,,,,,,,,,,5YCFA
mRFP1.1,MASSEDVIKEFMRFKVRMEGSVNGHEFEIEGEGEGRPYEGTQTAKLKVTKGGPLPFAWDILSPQFMYGSKAYVKHPADIPDYLKLSFPEGFKWERVMNFEDGGVVTVTQDSSLQDGEFIYKVKLRGTNFPSDGPVMQKKTMGWEASSERMYPEDGALKGEIKMRLKLKDGGHYDAEVKTTYMAKKPVQLPGAYKTDIKLDITSHNEDYTIVEQYERAEGRHSTGA,,612,589,,,,default,,,mrfp11_default,,,,,,,,,,,,,,,,,,,,,,,,,,,,,,EY795
mRFP1.2,MVSKGEEVIKEFMRFKVRMEGSVNGHEFEIEGEGEGRPYEGTQTAKLKVTKGGPLPFAWDILSPQFMYGSKAYVKHPADIPDYLKLSFPEGFKWERVMNFEDGGVVTVTQDSSLQDGEFIYKVKLRGTNFPSDGPVMQKKTMGWEASSERMYPEDGALKGEIKMRLKLKDGGHYDAEVKTTYMAKKPVQLPGAYKTDIKLDITSHNEDYTIVEQYERAEGRHSTGA,,612,590,,,,default,,,mrfp12_default,,,,,,,,,,,,,,,,,,,,,,,,,,,,,,HMOJG
mRFP1-Q66C,MASSEDVIKEFMRFKVRMEGSVNGHEFEIEGEGEGRPYEGTQTAKLKVTKGGPLPFAWDILSPQFCYGSKAYVKHPADIPDYLKLSFPEGFKWERVMNFEDGGVVTVTQDSSLQDGEFIYKVKLRGTNFPSDGPVMQKKTMGWEASTERMYPEDGALKGEIKMRLKLKDGGHYDAEVKTTYMAKKPVQLPGAYKTDIKLDITSHNEDYTIVEQYERAEGRHSTGA,10.49,580,559,31800,,10.8,default,,0.33,mrfp1-q66c_default,,,,,,,,,,,,,,,,,,,,,,,,,,,,,,MSSUL
mRFP1-Q66S,MASSEDVIKEFMRFKVRMEGSVNGHEFEIEGEGEGRPYEGTQTAKLKVTKGGPLPFAWDILSPQFSYGSKAYVKHPADIPDYLKLSFPEGFKWERVMNFEDGGVVTVTQDSSLQDGEFIYKVKLRGTNFPSDGPVMQKKTMGWEASTERMYPEDGALKGEIKMRLKLKDGGHYDAEVKTTYMAKKPVQLPGAYKTDIKLDITSHNEDYTIVEQYERAEGRHSTGA,11.52,569,555,32900,,54,default,,0.35,mrfp1-q66s_default,,,,,,,,,,,,,,,,,,,,,,,,,,,,,,CQCQT
mRojoA,MVSKGEEDNMAIIKEFMRFKTHMEGSVNGHEFEIEGEGEGRPYEGTQTAKLKVTKGGPLPFAWDILSPQFMYGSKAYVKHPADIPDYLKLSFPEGFKWERVMNFEDGGVVTVTQDSSLQDGEFIYKVKLHGTNFPSDGPVMQKKTMGWEASSERMYPEDGALKGEIKLRLKLKDGGHYDAEVKTTYKAKKPVQLPGAYNANYKLDITSHNEDYTIVEQYERCEGRHSTGGMDELYK,0.96,633,597,48000,,,default,5.4,0.02,mrojoa_default,,,,,,,,,,,,,,,,,,,,,,,,,,,,,,QEO8D
mRojoB,MVSKGEEDNMAIIKEFMRFKTHMEGSVNGHEFEIEGEGEGRPYEGTQTAKLKVTKGGPLPFAWDILSPQFMYGSKAYVKHPADIPDYLKLSFPEGFKWERVMNFEDGGVVTVTQDSSLQDGEFIYKVKLHGTNFPSDGPVMQKKTMGWEASSERMYPEDGAMKGEIKLRLKLKDGGHYDAEVKTTYKAKKPVQLPGAYNANYKLDITSHNEDYTIVEQYERCEGRHSTGGMDELYK,3.66,631,598,61000,,,default,5,0.06,mrojob_default,,,,,,,,,,,,,,,,,,,,,,,,,,,,,,6LJKY
mRouge,MVSKGEEDNMAIIKEFMRFKTHMEGSVNGHEFEIEGEGEGRPYEGTQTAKLKVTKGGPLPFAWDILSPQFMYGSKAYVKHPADIPDYLKLSFPEGFKWERVMNFEDGGVVTVTQDSSLQDGEFIYKVKLRGTNFPSDGPVMQKKTMGWEACSERMYPEDGALKGEMKMRLKLKDGGHYDAEVKTTYKAKKPVQLPGAYNTNTKLDITSHNEDYTIVEQYERNEGRHSTGGMDELYK,0.86,637,600,43000,,,default,6.1,0.02,mrouge_default,,,,,,,,,,,,,,,,,,,,,,,,,,,,,,JXVU8
mRtms5,MSVIATQMTYKVYMSGTVNGHYFEVEGDGKGRPYEGEQTVKLTATKGGPLPFAWDILSPQCQYGSIPFTKYPEDIPDYVKQSFPEGFTWERIMNFEDGAVCTVSNDSSIQGNCFTYHVKFRGLNFPPNGPVMQKKTQGWEPHSERLFARGGMLIGNNRMALKLEGGGHYLCEFKTTYKAKKPVKMPGYHYVDRKLDVTNHNKDYTSVEQCEISIARKPVVA,0.27,633,588,54100,,,default,,0.005,mrtms5_default,,,,,,,,,,,,,,,,,,,,,,,,,,,,,,FD244
mRuby,MNSLIKENMRMKVVLEGSVNGHQFKCTGEGEGNPYMGTQTMRIKVIEGGPLPFAFDILATSFMYGSRTFIKYPKGIPDFFKQSFPEGFTWERVTRYEDGGVITVMQDTSLEDGCLVYHAQVRGVNFPSNGAVMQKKTKGWEPNTEMMYPADGGLRGYTHMALKVDGGGHLSCSFVTTYRSKKTVGNIKMPGIHAVDHRLERLEESDNEMFVVQREHAVAKFAGLGGG,39.2,605,558,112000,2.6,168,default,4.4,0.35,mruby_default,,,,,,,,,,,,,,,,,,,,,,,,,,,,,,6KLAW
mRuby2,MVSKGEELIKENMRMKVVMEGSVNGHQFKCTGEGEGNPYMGTQTMRIKVIEGGPLPFAFDILATSFMYGSRTFIKYPKGIPDFFKQSFPEGFTWERVTRYEDGGVVTVMQDTSLEDGCLVYHVQVRGVNFPSNGPVMQKKTKGWEPNTEMMYPADGGLRGYTHMALKVDGGGHLSCSFVTTYRSKKTVGNIKMPGIHAVDHRLERLEESDNEMFVVQREHAVAKFAGLGGGMDELYK,42.94,600,559,113000,2.5,150,default,5.3,0.38,mruby2_default,,,,,,,,,,,,,,,,,,,,,,,,,,,,,,8MJ78
mRuby3,MVSKGEELIKENMRMKVVMEGSVNGHQFKCTGEGEGRPYEGVQTMRIKVIEGGPLPFAFDILATSFMYGSRTFIKYPADIPDFFKQSFPEGFTWERVTRYEDGGVVTVTQDTSLEDGELVYNVKVRGVNFPSNGPVMQKKTKGWEPNTEMMYPADGGLRGYTDIALKVDGGGHLHCNFVTTYRSKKTVGNIKMPGVHAVDHRLERIEESDNETYVVQREVAVAKYSNLGGGMDELYK,57.6,592,558,128000,,136.5,default,4.8,0.45,mruby3_default,,,,,,,,,,,,,,,,,,,,,,,,,,,,,,MZMFB
mSandy2,MAIIKEFMRFKVHMEGSVNGHEFEIEGEGEGRPYEGTQTAKLKVTKGGPLPFAWDILSLQFMYGSKAYVKHPADIPDYLKLSFPEGFKWERVMNFEDGGVVTVTQDSSLQDGEFIYKVKLHGTNFPSDGPVMQKKTMGSEASSERMYPEDGALKGEVKVRFKLKDGGHYVAEVKTTYKAKKPVQLPGAYYANIKMDITSHNEDYTIVEQYERCEGRHSTGGMDELYK,27.65,606,581,79000,,,Basic,,0.35,msandy2_basic,,,,,,,,,,,,,,,,,,,,,,,,,,,,,,OS9DX
mScarlet,MVSKGEAVIKEFMRFKVHMEGSMNGHEFEIEGEGEGRPYEGTQTAKLKVTKGGPLPFSWDILSPQFMYGSRAFTKHPADIPDYYKQSFPEGFKWERVMNFEDGGAVTVTQDTSLEDGTLIYKVKLRGTNFPPDGPVMQKKTMGWEASTERLYPEDGVLKGDIKMALRLKDGGRYLADFKTTYKAKKPVQMPGAYNVDRKLDITSHNEDYTVVEQYERSEGRHSTGGMDELYK,70,594,569,100000,3.9,174,default,5.3,0.7,mscarlet_default,,,,,,,,,,,,,,,,,,,,,,,,,,,,,,FVS3D
mScarlet-220A,MVSKGEAVIKEFMRFKVHMEGSMNGHEFEIEGEGEGRPYEGTQTAKLKVTKGGPLPFSWDILSPQFMYGSRAFTKHPADIPDYYKQSFPEGFKWERVMNFEDGGAVTVTQDTSLEDGTLIYKVKLRGTNFPPDGPVMQKKTMGWEASTERLYPEDGVLKGDIKMALRLKDGGRYLADFKTTYKAKKPVQMPGAYNVDRKLDITSHNEDYTVVEQYERSEARHSTGGMDELYK,63.46,594,568,95000,,,default,,0.668,mscarlet-220a_default,,,,,,,,,,,,,,,,,,,,,,,,,,,,,,ZHYAA
mScarlet-2A,MVSKGEAVIKEFMRFKVHMEGSMNGHEFEIEGEGEGRPYEGTQTAKLKVTKGGPLPFSWDILSPQFMYGSRAFTKHPADIPDYYKQSFPEGFKWERVMNFEDGGAVSVTQDTSLEDGTLIYKVKLRGTNFPPDGPVMQKKTMGWEASTERLYPEDVVLKGDIKMALRLKDGGRYLADFKTTYKAKKPVQMPGAYNIDRKLDITSHNEDYTVVEQYERSVARHSTGGMDELYK,66.44,592,568,97000,,,default,,0.685,mscarlet-2a_default,,,,,,,,,,,,,,,,,,,,,,,,,,,,,,2G7N6
mScarlet-2A-84W,MVSKGEAVIKEFMRFKVHMEGSMNGHEFEIEGEGEGRPYEGTQTAKLKVTKGGPLPFSWDILSPQFMYGSRAFTKHPADIPDYWKQSFPEGFKWERVMNFEDGGAVSVTQDTSLEDGTLIYKVKLRGTNFPPDGPVMQKKTMGWEASTERLYPEDVVLKGDIKMALRLKDGGRYLADFKTTYKAKKPVQMPGAYNIDRKLDITSHNEDYTVVEQYERSVARHSTGGMDELYK,67.9,592,568,97000,,,default,,0.7,mscarlet-2a-84w_default,,,,,,,,,,,,,,,,,,,,,,,,,,,,,,5CEBO
mScarlet3,MDSTEAVIKEFMRFKVHMEGSMNGHEFEIEGEGEGRPYEGTQTAKLRVTKGGPLPFSWDILSPQFMYGSRAFTKHPADIPDYWKQSFPEGFKWERVMNFEDGGAVSVAQDTSLEDGTLIYKVKLRGTNFPPDGPVMQKKTMGWEASTERLYPEDVVLKGDIKMALRLKDGGRYLADFKTTYRAKKPVQMPGAFNIDRKLDITSHNEDYTVVEQYERSVARHSTGGSGGS,78,592,569,104000,4,37,default,4.5,0.75,mscarlet3_default,,,,,,,,,,,,,,,,,,,,,,,,,,,,,,1AFJZ
mScarlet-H,MVSKGEAVIKEFMRFKVHMEGSMNGHEFEIEGEGEGRPYEGTQTAKLKVTKGGPLPFSWDILSPQFMYGSRAFTKHPADIPDYYKQSFPEGFKWERVMNFEDGGAVTVTQDTSLEDGTLIYKVKLRGTNFPPDGPVMQKKTMGWEASTERLYPEDGVLKGDIKHALRLKDGGRYLADFKTTYKAKKPVQMPGAYNVDRKLDITSHNEDYTVVEQYERSEGRHSTGGMDELYK,14.8,592,551,74000,1.3,264,default,4.8,0.2,mscarlet-h_default,,,,,,,,,,,,,,,,,,,,,,,,,,,,,,588N2
mScarlet-I,MVSKGEAVIKEFMRFKVHMEGSMNGHEFEIEGEGEGRPYEGTQTAKLKVTKGGPLPFSWDILSPQFMYGSRAFIKHPADIPDYYKQSFPEGFKWERVMNFEDGGAVTVTQDTSLEDGTLIYKVKLRGTNFPPDGPVMQKKTMGWEASTERLYPEDGVLKGDIKMALRLKDGGRYLADFKTTYKAKKPVQMPGAYNVDRKLDITSHNEDYTVVEQYERSEGRHSTGGMDELYK,56.16,593,569,104000,3.1,36,default,5.4,0.54,mscarlet-i_default,,,,,,,,,,,,,,,,,,,,,,,,,,,,,,6VVTK
mScarlet-I-220A,MVSKGEAVIKEFMRFKVHMEGSMNGHEFEIEGEGEGRPYEGTQTAKLKVTKGGPLPFSWDILSPQFMYGSRAFIKHPADIPDYYKQSFPEGFKWERVMNFEDGGAVTVTQDTSLEDGTLIYKVKLRGTNFPPDGPVMQKKTMGWEASTERLYPEDGVLKGDIKMALRLKDGGRYLADFKTTYKAKKPVQMPGAYNVDRKLDITSHNEDYTVVEQYERSEARHSTGGMDELYK,54.3,594,568,100000,,,default,,0.543,mscarlet-i-220a_default,,,,,,,,,,,,,,,,,,,,,,,,,,,,,,3DUUH
mScarlet-I3,MDSTEAVIKEFMRFKVHMEGSMNGHEFEIEGEGEGRPYEGTQTAKLKVTKGGPLPFSWDILSPQFMYGSRAFIKHPADIPDYWKQSFPEGFKWERVMIFEDGGTVSVTQDTSLEDGTLIYKVKLRGGNFPPDGPVMQKRTMGWEASTERLYPEDVVLKGDIKMALRLKDGGRYLADFKTTYKAKKPVQMPGAFNIDRKLDITSHNEDYTVVEQYERSVARHSTGGSGGS,68.25,592,568,105000,3.6,2,default,4.2,0.65,mscarlet-i3_default,,,,,,,,,,,,,,,,,,,,,,,,,,,,,,THSBS
mScarlet-I3-NCwt,MVSKGEAVIKEFMRFKVHMEGSMNGHEFEIEGEGEGRPYEGTQTAKLKVTKGGPLPFSWDILSPQFMYGSRAFIKHPADIPDYWKQSFPEGFKWERVMIFEDGGTVSVTQDTSLEDGTLIYKVKLRGGNFPPDGPVMQKRTMGWEASTERLYPEDVVLKGDIKMALRLKDGGRYLADFKTTYKAKKPVQMPGAFNIDRKLDITSHNEDYTVVEQYERSVARHSTGGMDELYK,66.61,592,567,102000,,,default,,0.653,mscarlet-i3-ncwt_default,,,,,,,,,,,,,,,,,,,,,,,,,,,,,,1VSM7
mStable,MVSELIKENMHMKLYMEGTVNNHHFKCTSEGEGKPYEGTQTMRIKAVEGGPLPFAFDILATSFMYGSKTFINHTQGIPDFFKQSFPEGFTWERVTTYEDGGVLTATQDTSLQDGCLIYNVKIRGVNFPSNGPVMQKKTLGWEACTETLYPADGGLEGRADMALKLVGGGHLICNLKTTYRSKKPAKNLKMPGVYYVDRRLERIKEADKETYVEQHEVAVARYCDLPSKLGHR,7.65,633,597,45000,,,default,,0.17,mstable_default,,,,,,,,,,,,,,,,,,,,,,,,,,,,,,DKZQ7
mStrawberry,MVSKGEENNMAIIKEFMRFKVRMEGSVNGHEFEIEGEGEGRPYEGTQTAKLKVTKGGPLPFAWDILTPNFTYGSKAYVKHPADIPDYLKLSFPEGFKWERVMNFEDGGVVTVTQDSSLQDGEFIYKVKLRGTNFPSDGPVMQKKTMGWEASSERMYPEDGALKGEIKMRLKLKDGGHYDAEVKTTYKAKKPVQLPGAYIVGIKLDITSHNEDYTIVELYERAEGRHSTGGMDELYK,26.1,596,574,90000,,50,default,4.5,0.29,mstrawberry_default,,,,,,,,,,,,,,,,,,,,,,,,,,,,,,TN3DM
mTangerine,MASSEDVIKEFMRFKVRMEGSVNGHEFEIEGEGEGRPYEGTQTAKLKVTKGGPLPFAWDILSPQFCYGSKAYVKHPADIPDYLKLSFPEGFKWERVMNFEDGGVVTVTQDSSLQDGEFIYKVKLRGTNFPSDGPVMQKKTMGWEASSERMYPEDGALKGEIKMRLKLKDGGHYDAEVKTTYMAKKPVQLPGAYKTDIKLDITSHNEDYTIVELYERAEGRHSTGA,11.4,585,568,38000,,,default,5.7,0.3,mtangerine_default,,,,,,,,,,,,,,,,,,,,,,,,,,,,,,N63O3
Neptune,MVSKGEELIKENMHMKLYMEGTVNNHHFKCTSEGEGKPYEGTQTGRIKVVEGGPLPFAFDILATCFMYGSKTFINHTQGIPDFFKQSFPEGFTWERVTTYEDGGVLTATQDTSLQDGCLIYNVKIRGVNFPSNGPVMQKKTLGWEASTEMLYPADGGLEGRCDMALKLVGGGHLICNLKTTYRSKKPAKNLKMPGVYFVDRRLERIKEADKETYVEQHEVAVARYCDLPSKLGHKLNGMDELYK,12.96,650,600,72000,,35,default,5.8,0.18,neptune_default,,,,,,,,,,,,,,,,,,,,,,,,,,,,,,Z3GLX
pHuji,MVSKGEENNMAIIKEFMRFKVHMEGSVNGHEFEIEGEGEGRPYEAFQTAKLKVTKGGPLPFAWDILSPQFMYGSKVYIKHPADIPDYFKLSFPEGFRWERVMNFEDGGIIHVNQDSSLQDGVFIYKVKLRGTNFPSDGPVMQKKTMGWEASEERMYPEDGALYSEIKKRLKLKDGGHYAAEVKTTYKAKKPVQLPGAYIVDIKLDIVSHNEDYTIVEQYERAEGRHSTGGMDELYK,6.82,598,566,31000,,,default,7.7,0.22,phuji_default,,,,,,,,,,,,,,,,,,,,,,,,,,,,,,SS15T
plobRFP,MALSKQTGIQTEMKTKFHMEGIVNGHSFEVEGNGSGQPYEGVQKMKLTVTKGAPLPFSIDILLPQEMYGSKPFIKYPDNIPDYIKLSFPEGITWERTMTFEDGAVCTASNDSRLVGNCFIYEVKFQGVNFPRDGPVMQRKTKGWEPSTERLYEWDGCQRGDVDMALKLEDGGHYTVNFKTTYKSKKKDLKVPPYHFVDHKLELLSHNIVGTKEDFEQKETAHAHLSSLNSLNQ,62.16,614,578,84000,,,default,,0.74,plobrfp_default,,,,,,,,,,,,,,,,,,,,,,,,,,,,,,ESQ8O
pporRFP,MALSKQSGVKDVMNTELHMDGIVNGHPFEIKGKGKGNPYKGVQTMKLTVIKGAPLPFSIDILLPQHMYGSKPFIKYPESIPDYIKLSFPEGITWERSMTFEDGAVCTVSNDSRLDGDSFIYEVRFLGVNFPRDGPVMQKKTRGWDPSTERLYECGGWQRGDVHMALKLENGGHYTCDFKTTYKSKKGLKVPPYHFVDHKLDLLSHNTDGATFEEFEQREIAHAHLSNLPVA,51.25,595,578,94900,,,default,,0.54,pporrfp_default,,,,,,,,,,,,,,,,,,,,,,,,,,,,,,FRRJW
RDSmCherry0.1,MVSKGEEDNMAIIKEFMRFKVHMEGSVNGHEFEIEGEGEGRPYEGTQTAKLKVTKGGPLPFAWDILSPQFMYGSKAYVKHPADIPDYLKLSFPEGFKWERVMNFEDGGVVTVTQDSSLQDGEFIYKVKLRGTNFPSDGPVMQKKTMGWEASSERMYPEDGALKGEGKGRLKLKDGGHYDAEVKTTYKAKKPVQLPGAYNVNIKLDITSHNEDYTIVEQYERAEGRHSTGGMDELYK,5.96,625,598,59600,,,default,,0.1,rdsmcherry01_default,,,,,,,,,,,,,,,,,,,,,,,,,,,,,,JVYE5
RDSmCherry0.2,MVSKGEEDNMAIIKEFMRFKVHMEGSVNGHEFEIEGEGEGRPYEGTQTAKLKVTKGGPLPFAWDILSPQFMYGSKAYVKHPADIPDYLKLSFPEGFKWERVMNFEDGGVVTVTQDSSLQDGEFIYKVKLRGTNFPSDGPVMQKKTMGWEASSERMYPEDGALKGEGKGRLKLKDGGHYDAEVKTTYKAKKPVQLPGAYNCNYKLDITSHNEDYTIVEQYERAEGRHSTGGMDELYK,1.03,630,600,34400,,,default,,0.03,rdsmcherry02_default,,,,,,,,,,,,,,,,,,,,,,,,,,,,,,XOVUP
RDSmCherry0.5,MVSKGEEDNMAIIKEFMRFKSHMEGSVNGHEFEIEGEGEGRPYEGTQTCKLKVTKGGPLPFAWDILSPQFMYGSKAYVKHPADIPDYLKLSFPEGFKWERVMNFEDGGVVTVTQDSSLQDGEFIYKVKLRGTNFPSDGPVMQKKTMGWEPSSERMYPEDGALKGEGKGRLKLKDGGHYDAEVKTTYKAKKPVQLPGAYNCNYKLDITSHNEDYTIVEQYERAEGRHSTGGMDELYK,0.47,636,604,23300,,,default,,0.02,rdsmcherry05_default,,,,,,,,,,,,,,,,,,,,,,,,,,,,,,CS45L
RDSmCherry1,MVSKGEEDNMAIIKEFMRFKSHMEGSVNGHEFEIEGEGEGRPYEGTQTCKLKVTKGGPLPFAWDILSPQFMYGSKAYVKHPADIPDYLKLSFPEGFKWERVMNFEDGGVVTVTQDSSLQDGEFIYKVKLRGTNFPSDGPVMQKKTMGWEPSSERMYPEDGALKGEGKGRLKLKDGGHYDAEVKTTYKAKKPVQLPGAYNCNIKLDITSHNEDYTIVEQYERAEGRHSTGGMDELYK,4.99,630,600,55400,,,default,5.6,0.09,rdsmcherry1_default,,,,,,,,,,,,,,,,,,,,,,,,,,,,,,CC2YL
rfloRFP,MSALKEEMKIXLTLVGVVNGHPFKIIGDGKGKPYEGSQELTLAVVEGGPLPFSYDILTTIVHYGNRAFVNYPKDIPDIFKQTCSGPGAGYSWQRTMSFEDGGVCTATSHIRVDGDTFNYDIHFMGADFPLNGPVMQKRTVKWEPSTEIMFQCDGLLRGDVAMSLLLKGGGHYRCDFKTIYKPKKNVKMPGYHFVDHCIEITSQQDDYNVVELYEGAVAHYSPLQKPCQAKA,,574,566,,,,default,,,rflorfp_default,,,,,,,,,,,,,,,,,,,,,,,,,,,,,,46ZQ7
RFP611,MNSLIKENMRMMVVMEGSVNGYQFKCTGEGDGNPYMGTQTMRIKVVEGGPLPFAFDVLATSFMYGSKTFIKHTKGIPDFFKQSFPEGFTWERVTRYEDGGVITVMQDTSLEDGCLVYHAKVTGVNFPSNGAVMQKKTKGWEPNTEMLYPADGGLRGYSQMALNVDGGGYLSCSFETTYRSKKTVENFKMPGFHFVDHRLERLEESDKEMFVVQHEHAVAKFCDLPSKLGRL,57.6,611,559,120000,,110,default,,0.48,rfp611_default,,,,,,,,,,,,,,,,,,,,,,,,,,,,,,8DX6R
RFP618,MNSLIKENMRMMVVMEGSVNGYQFKCTGEGDGNPYMGTQTMRIKVVEGGPLPFAFDILATSFMYGSKTFIKHTKGIPDFFKQSFPEGFTWERVTRYEDGGVFTVMQDTSLEDGCLVYHAKVTGVNFPSNGAVMQKKTKGWEPSTEMLYPADGGLRGYSQMALNVDGGGYLFCSFETTYRSKKTDENFKMPGFHFVDHRLERLEESDKEMFVVQHEHAVAKFCDLPSKLGRL,,618,560,,,360,default,,0.35,rfp618_default,,,,,,,,,,,,,,,,,,,,,,,,,,,,,,35N2E
RFP630,MNSLIKENMRMMVVMEGSVNGYQFKCTGEGDGNPYMGTQTMRIKVVEGGPLPFAFDILATSFMYGSKTFIKHTKGIPDFFKQSFPEGFTWERVTRYEDGGVFTVMQDTSLEDGCLVYHAKVTGVNFPSNGAVMQKKTKGWEPSTEMLYPADGGLRGYSQMALNVDGGGYLSCSFETTYRSKKTVENFKMPGFHFVDHRLERLEESDKEMFVVQHEHAVAKFCDLPSKLGRL,17.5,630,583,50000,,,default,,0.35,rfp630_default,,,,,,,,,,,,,,,,,,,,,,,,,,,,,,296AF
RFP637,MNSLIKENMRMMVVMEGSVNGYQFKCTGEGDGNPYMGTQTMRIKVVEGGPLPFAFDILATSFMYGSKTFIKHTKGIPDFFKQSFPEGFTWERVTRYEDGGVFTVMQDTSLEDGCLVYHAKVTGVNFPSNGAVMQKKTKGWEPSTEMLYPADGGLRGYAQMALNVDGGGYLFCSFETTYRSKKTDENFKMPGFHFVDHRLERLEESDKEMFVVQHEHAVAKFCDLPSKLGRL,16.56,637,587,72000,,480,default,,0.23,rfp637_default,,,,,,,,,,,,,,,,,,,,,,,,,,,,,,QVF1F
RFP639,MNSLIKENMRMMVVMEGSVNGYQFKCTGEGDGNPYMGTQTMRIKVVEGGPLPFAFDILATSFMYGSKTFIKHTKGIPDFFKQSFPEGFTWERVTRYEDGGVFTVMQDTSLEDGCLVYHAKVTGVNFPSNGAVMQKKTKGWEPSTEMLYPADGGLRGYCQMALNVDGGGYLFCSFETTYRSKKTDENFKMPGFHFVDHRLERLEESDKEMFVVQHEHAVAKFCDLPSKLGRL,12.42,639,588,69000,,90,default,,0.18,rfp639_default,,,,,,,,,,,,,,,,,,,,,,,,,,,,,,B3LN6
scubRFP,MSAIKTVVKQFMKIKMSLEGTVNGHYFKIVGEGDGTPFEGKQTLHLKVKEGAPLPFAYDILTTALHYGNRVFVEYPENIPDYFKQSFPKGYSWERSLTFEDGGICIARSDIKMVGDTFHNEVQFYGVNFPANGPVMQRHTVKWEPSTEKIYVRDGVLTGDITMALLLKGGTHYRCDFRTTYKAKEKGPKFPGYHLVDHCIEITSHDKDYNVVELYEHAVAHSGLPDSANR,39.84,578,570,66400,,,default,,0.6,scubrfp_default,,,,,,,,,,,,,,,,,,,,,,,,,,,,,,AJCVH
SuperNova2,MGSEVGPALFQRDMTFKIFIDGEVNGQKFTIVADGSSKFPHGDFNVHAVCETGKLPMSWKPICHLIQYGEPFFARYPDGISHFAQECFPEGLSIDRTVRFENDGTMTSHHTYELDDTCVVSRITVNCDGFQPDGPIMRDQLVDILPSETHMFPHGPNAVRQTATIGFTTADGGKMMGHFDSKMTFNGSRAIEIPGPHFVTIITKQTRDTSDKRDHVCQREVAYAHSVPRITSAIGSDED,,610,579,45,,,SuperNova2,,,supernova2_supernova2,,,,,,,,,,,,,,,,,,,,,,,,,,,,,,NRHQ2
SuperNova Red,MEVGPALFQSDMTFKIFIDGEVNGQKFTIVADGSSKFPHGDFNVHAVCETGKLPMSWKPICHLIQYGEPFFARYPDGISHFAQECFPEGLSIDRTVRFENDGTMTSHHTYELDDTCVVSRITVNCDGFQPDGPIMRDQLVDILPSETHMFPHGPNAVRQTATIGFTTADGGKMMGHFDSKMTFNGSRAIEIPGPHFVTIITKQTRDTSDKRDHVCQREVAYAHSVPRITSAIGSDED,13.5,610,579,45000,,,default,,0.3,supernova_default,,,,,,,,,,,,,,,,,,,,,,,,,,,,,,6EEUG
super-TagRFP,MVSKGEELIKENMHMKLYMEGTVNNHHFKCTSEGEGKPYEGTQTMRIKVVEGGPLPFAFDILATSFMYGSRTFINHTQGIPDFFKQSFPEGFTWERVTTYEDGGVLTATQDTSLQDGCLIYNVKIRGVNFPSNGPVMQKKTLGWEANTEMLYPADGGLEGRTVMALKLVGGGHLICNFKTTYRSKKPAKNLKMPGVYYVDHRLERIKEADKETYVEQHEVAVARYCDLPSKLGHKLNGMDELYK,59.89,579,555,113000,,,default,,0.53,super-tagrfp_default,,,,,,,,,,,,,,,,,,,,,,,,,,,,,,QJV5C
TagRFP,MSELIKENMHMKLYMEGTVNNHHFKCTSEGEGKPYEGTQTMRIKVVEGGPLPFAFDILATSFMYGSRTFINHTQGIPDFFKQSFPEGFTWERVTTYEDGGVLTATQDTSLQDGCLIYNVKIRGVNFPSNGPVMQKKTLGWEANTEMLYPADGGLEGRSDMALKLVGGGHLICNFKTTYRSKKPAKNLKMPGVYYVDHRLERIKEADKETYVEQHEVAVARYCDLPSKLGHK,48,584,555,100000,2.3,100,default,3.8,0.48,tagrfp_default,,,,,,,,,,,,,,,,,,,,,,,,,,,,,,S4HC8
TagRFP657,MSELITENMHMKLYMEGTVNNHHFKCTSEGEGKPYEGTQTQRIKVVEGGPLPFAFDILATSFMYGSHTFINHTQGIPDFWKQSFPEGFTWERVTTYEDGGVLTATQDTSLQDGCLIYNVKIRGVNFPSNGPVMQKKTLGWEAHTEMLYPADGGLEGRTALALKLVGGGHLICNFKTTYRSKKPAKNLKMPGVYYVDYRLERIKEADKETYVEQHEVAVARYCDLPSKLGHKLN,3.4,657,611,34000,,125,default,5,0.1,tagrfp657_default,,,,,,,,,,,,,,,,,,,,,,,,,,,,,,C2N5S
TagRFP658,MSELIKENMHMKLYMEGTVNNHHFKCTSEGEGKPYEGTQTQRIKVVEGGPLPFAFDILATSFMYGSHTFIDHTQGIPDFWKQSFPEGFTWERVTTYEDGGVLTATQDTSLHDGCLIYNVKIRGVNFPSNGPVMQKKTLGWEAHTEMLYPTDGGLEGRTALALKLVGGGHLICNFKTIYRSKKPAKNLKMPGVYYVDYRLERIEEADNETYVEQHEVAVARYCDLPTKLGHKLN,4.12,658,611,41200,,,default,4.6,0.1,tagrfp658_default,,,,,,,,,,,,,,,,,,,,,,,,,,,,,,AJJAK
TagRFP675,MSELIKENMHMKLYMEGTVNNHHFKCTSEGEGKPYEGTQTQRIKVVEGGPLPFAFDILATSFMYGSKTFINHTQGIPDFWKQSFPEGFTWERVTTYEDGGVLTATQDTSLQDGCLIYNVKIRGVNFPSNGPVMQKKTLGWEANTEMMYPADGGLEGRNYMALKLVGGGHLICSLKTTYRSKKPAKNLKMPGVYYVDRRLERIKEADKETYVEQHEVAVARYCDLPSKLGHKLN,3.68,675,598,46000,0.9,25,default,5.7,0.08,tagrfp675_default,,,,,,,,,,,,,,,,,,,,,,,,,,,,,,NLF4R
TagRFP-T,MVSKGEELIKENMHMKLYMEGTVNNHHFKCTSEGEGKPYEGTQTMRIKVVEGGPLPFAFDILATSFMYGSRTFINHTQGIPDFFKQSFPEGFTWERVTTYEDGGVLTATQDTSLQDGCLIYNVKIRGVNFPSNGPVMQKKTLGWEANTEMLYPADGGLEGRTDMALKLVGGGHLICNFKTTYRSKKPAKNLKMPGVYYVDHRLERIKEADKETYVEQHEVAVARYCDLPSKLGHKLNGMDELYK,33.21,584,555,81000,2.3,100,default,4.6,0.41,tagrfp-t_default,,,,,,,,,,,,,,,,,,,,,,,,,,,,,,LF3LJ
tdKatushka2,MSELIKENMHMKLYMEGTVNNHHFKCTSEGEGKPYEGTQTMKIKVVEGGPLPFAFDILATSFMYGSKTFINHTQGIPDFFKQSFPEGFTWERITTYEDGGVLTATQDTSLQNGCIIYNVKINGVNFPSNGSVMQKKTLGWEANTEMLYPADGGLRGHSQMALKLVGGGYLHCSFKTTYRSKKPAKNLKMPGFHFVDHRLERIKEADKETYVEQHEMAVAKYCDLPSKLGHR,49.02,633,588,132500,,,default,5.4,0.37,tdkatushka2_default,,,,,,,,,,,,,,,,,,,,,,,,,,,,,,1L4BP
td-RFP611,MNSLIKENMRMMVVMEGSVNGYQFKCTGEGDGNPYMGTQTMRIKVVEGGPLPFAFDVLATSFMYGSKTFIKHTKGIPDFFKQSFPEGFTWERVTRYEDGGVITVMQDTSLEDGCLVYHAKVRGVNFPSNGAVMQKKTKGWEPNTEMLYPADGGLRGYSQMALNVDGGGYLFCSFETTYRSKKTDENFKMPGFHFVDHRLERLEESDKEMFVVQHEHAVAKFCDLPSKLGRL,32.9,609,558,70000,,225,default,,0.47,td-rfp611_default,,,,,,,,,,,,,,,,,,,,,,,,,,,,,,GHNRL
td-RFP639,MNSLIKENMRMMVVMEGSVNGYQFKCTGEGDGNPYMGTQTMRIKVVEGGPLPFAFDILATSFMYGSKTFIKHTKGIPDFFKQSFPEGFTWERVTRYEDGGVFTVMQDTSLEDGCLVYHAKVRGVNFPSNGAVMQKKTKGWEPSTEMLYPADGGLRGYCQMALNVDGGGYLFCSFETTYRSKKTDENFKMPGFHFVDHRLERLEESDKEMFVVQHEHAVAKFCDLPSKLGRL,14.46,631,589,90400,,480,default,,0.16,td-rfp639_default,,,,,,,,,,,,,,,,,,,,,,,,,,,,,,A77ZH
TurboRFP,MSELIKENMHMKLYMEGTVNNHHFKCTSEGEGKPYEGTQTMKIKVVEGGPLPFAFDILATSFMYGSKAFINHTQGIPDFFKQSFPEGFTWERITTYEDGGVLTATQDTSFQNGCIIYNVKINGVNFPSNGPVMQKKTRGWEANTEMLYPADGGLRGHSQMALKLVGGGYLHCSFKTTYRSKKPAKNLKMPGFHFVDHRLERIKEADKETYVEQHEMAVAKYCDLPSKLGHR,61.64,574,553,92000,,90,default,4.4,0.67,turborfp_default,,,,,,,,,,,,,,,,,,,,,,,,,,,,,,AHNXC
Ultramarine,MSVIATQMTYKVYMSGTVNGHYFEVEGDGKGRPYEGEQTVKLTATKGGPLPFAWDILSPQCQYGSIPFTKYPEDIPDYVKQSFPEGFTWERIMNFEDGAVCTVSNDSSIQGNCFTYHVKFRGTNFPPNGPVMQKKTQGWEPNSERLFARGGMLIGNNRMALKLEGGGHYLCEFKTTYKAKKPVKMPGYHYVDRKLDVTNHNKDYTSVEQCEISIARKPVVA,0.06,626,586,64000,1.6,216,default,,0.001,ultramarine_default,,,,,,,,,,,,,,,,,,,,,,,,,,,,,,3F18R
zoan2RFP,MAHSKHGLTDDMTMHFRMEGCVDGHKFVIEGNGNGNPFKGKQFINLCVIEGGPLPFSEDILSAAFDYGNRLFTEYPEGIVDYFKNSCPAGYTWHRSFRFEDGAVCICSADITVNVRENCIYHESTFYGVNFPADGPVMKKMTTNWEPSCEKIIPINSQKILKGDVSMYLLLKDGGRYRCQFDTIYKAKTEPKEMPDWHFIQHKLNREDRSDAKNQKWQLIEHAIASRSALP,,576,552,,,,default,,,zoan2rfp_default,,,,,,,,,,,,,,,,,,,,,,,,,,,,,,HGZ48
